smiles,target
c1cc(ccc1C(=O)Nc2ccnc(c2)NC(=O)NC3CC3)F,6.836038214689034
c1ccc(c(c1)C(=O)Nc2ccnc(c2)NC(=O)Nc3cccnc3)F,8.755377971773415
Cc1cc(nc(c1)Nc2cc(ccn2)NC(=O)c3c(cc(cc3Cl)N)Cl)C,7.658437194128018
COc1c(cccc1Cl)C(=O)Nc2cc(ncc2F)Nc3ccncn3,8.993828123246882
Cc1cc(c(c(c1)Cl)C(=O)Nc2ccnc(c2)Nc3cc(no3)C)Cl,8.205418364517561
COCC(=O)Nc1cc(ccn1)NC(=O)c2c(cc(cc2Cl)OC)Cl,7.499003220696089
CCOC(=O)Nc1cc(c(cn1)F)NC(=O)c2c(cc(cc2Cl)NC(=O)C3CC3)Cl,7.549461445254765
COc1cccc(c1C(=O)Nc2ccnc(c2)NC(=O)Oc3ccccc3)F,8.72646961395334
Cc1cc(nc(n1)NCC2CC2)Nc3cc(ccn3)NC(=O)c4ccncc4,9.822884785092915
CC(C)NC(=O)Nc1cc(c(cn1)F)NC(=O)c2c(cccc2Cl)OC,8.004461477125886
c1cc(ccc1C(=O)Nc2cc(ncc2F)NC(=O)C(CO)CO)Cl,5.204030014119339
c1cc(c(c(c1)Cl)C(=O)Nc2cc(ncc2F)Nc3cccc(n3)C(=O)N)F,10.208154353858644
CC1(CC1)C(=O)Nc2cc(c(cn2)F)NC(=O)c3cccc(c3F)N,5.996294220558003
c1cc(c(cc1N)Cl)C(=O)Nc2ccnc(c2)Nc3c[nH]nc3,8.603652893760172
CC(C)NC(=O)Nc1cc(ccn1)NC(=O)c2cccc(c2F)N,7.142642009750436
CN(C)C(=O)c1cccc(n1)Nc2cc(ccn2)NC(=O)c3cc(ccc3Cl)N,8.679865837104007
c1c(cc(c(c1Cl)C(=O)Nc2cc(ncc2F)NC(=O)NC3CCC3)Cl)N,9.012749957456386
c1cc(c(cc1Cl)Cl)C(=O)Nc2cc(ncc2F)NC(=O)C3COC3,8.953356422298777
CC(=O)N(C)c1ccc(nc1)Nc2cc(ccn2)NC(=O)c3cccc(c3Cl)O,8.452628624421354
c1cnc(cc1NC(=O)c2c(cc(cc2Cl)Cl)Cl)NC(=O)CCO,7.449771411317658
COc1ccnc(c1)Nc2cc(ccn2)NC(=O)c3cc(ccc3Cl)O,7.853086803449858
CC(=O)Nc1cc(ccn1)NC(=O)c2cc(ccc2F)Cl,7.106375160848888
COc1ccccc1C(=O)Nc2ccnc(c2)NC(=O)CC#N,6.985135260173179
c1cc(c(c(c1)Cl)F)C(=O)Nc2ccnc(c2)Nc3cnn(c3)C4CCOCC4,9.957089646245509
Cc1c(cccc1N)C(=O)Nc2cc(ncc2F)NC(=O)C3CC3CO,6.700606938356197
Cc1c(ccc(n1)Nc2cc(ccn2)NC(=O)c3ccccc3Cl)C#N,8.588235102922798
c1cc(cc(c1)Cl)C(=O)Nc2ccnc(c2)Nc3cc(nc(n3)N)C4CC4,7.692076010500469
c1cc(c(cc1Cl)C(=O)Nc2cc(ncc2F)NC(=O)CC#N)Cl,10.206577534341184
c1cc(c(c(c1)F)C(=O)Nc2ccnc(c2)Nc3cccnn3)F,9.372264807436956
c1cnc(cc1CO)Nc2cc(c(cn2)F)NC(=O)c3c(cc(cc3Cl)C=O)Cl,6.214420920473115
c1cc(cc(c1)Cl)C(=O)Nc2cc(ncc2F)NC(=O)C3COC3,6.65470397018129
Cc1cc(ccc1C(=O)Nc2cc(ncc2F)NC(=O)C3CC3CNC(=O)C)F,6.472318512661907
Cc1ccc(cc1C(=O)Nc2ccnc(c2)NC(=O)C3CC3)Cl,7.033666260877184
c1cc(c(c(c1)Br)C(=O)Nc2ccnc(c2)NC(=O)CC3CC3)F,8.122898143103892
CCOC(=O)Nc1cc(c(cn1)F)NC(=O)c2c(cc(cc2Cl)C)Cl,7.629178431970731
Cc1c(cccc1Cl)C(=O)Nc2ccnc(c2)Nc3cc(nc(n3)N)C4CC4,7.264933123437784
c1ccnc(c1)Nc2cc(ccn2)NC(=O)c3cccc(c3F)F,7.680687869541046
c1ccc(cc1)Nc2cc(ccn2)NC(=O)c3cc(ccc3F)O,7.884272789461817
c1cc(c(c(c1F)C(=O)Nc2ccnc(c2)NC(=O)NC3CC3)Cl)F,9.485971014862583
c1cc(c(c(c1)F)C(=O)Nc2ccnc(c2)NC(=O)NC3CC3)N,6.657857609216207
CC(C)NC(=O)Nc1cc(ccn1)NC(=O)c2cccc(c2)N,6.629825262239165
Cc1ccc(c(c1)C(=O)Nc2cc(ncc2F)NC(=O)NC3CC3)Cl,9.043585539131133
c1cc(c(cc1N)Cl)C(=O)Nc2ccnc(c2)Nc3ccnc(n3)N4CCOCC4,8.895014100152807
Cc1ccc(c(c1)Cl)C(=O)Nc2ccnc(c2)Nc3cccc(n3)C,6.141186413995592
c1ccc(c(c1)C(=O)Nc2cc(ncc2F)Nc3cccnn3)Cl,10.146132786171938
c1ccc(c(c1)C(=O)Nc2ccnc(c2)NC(=O)Nc3ccccn3)Cl,8.999784996979503
c1cc(c(c(c1)O)Cl)C(=O)Nc2ccnc(c2)NC(=O)CSC(F)F,7.571011311993367
CC1(CC1)C(=O)Nc2cc(c(cn2)F)NC(=O)c3c(cccc3Cl)OC,6.168517952298208
Cc1ccc(c(c1)F)C(=O)Nc2ccnc(c2)NC(=O)C3CC3CO,6.136455955443216
c1c(cc(c(c1Cl)C(=O)Nc2cc(ncc2F)NC(=O)C3CC3F)Cl)C=O,6.83568781035182
c1cc(c(c(c1)Cl)F)C(=O)Nc2cc(ncc2F)Nc3ccnc(n3)CO,9.644528977451484
c1cc(c(c(c1)Cl)C(=O)Nc2cc(ncc2F)NC(=O)C3CC(=O)C3)N,8.869960190042075
Cc1c(cccc1O)C(=O)Nc2ccnc(c2)NC(=O)Cc3ccccc3,7.025431758952677
c1cnc(cn1)Nc2cc(c(cn2)F)NC(=O)c3c(cc(cc3Cl)N)Cl,6.957453317533349
c1cc(cc(c1)Cl)C(=O)Nc2ccnc(c2)Nc3c[nH]nc3,9.019407639863433
Cc1cc(no1)Nc2cc(ccn2)NC(=O)c3ccccc3Cl,10.150337638218494
CCOC(=O)Nc1cc(c(cn1)F)NC(=O)c2c(cc(cc2Cl)C=O)Cl,7.182588104192721
Cc1cccc(c1C(=O)Nc2ccnc(c2)NC(=O)C3CC3C#N)Cl,8.295297077012703
c1cc(cc(c1)Cl)C(=O)Nc2cc(ncc2F)Nc3cc(nc(n3)N)C4CC4,7.902844219334108
Cc1cccc(c1F)C(=O)Nc2cc(ncc2F)NC(=O)C3CC(=O)C3,6.480728216755018
COc1cc(ccc1C(=O)Nc2cc(ncc2F)NC(=O)C3CC3CO)Cl,9.511024924973317
COc1cc(ccc1C(=O)Nc2ccnc(c2)NC(=O)C3CC3(F)F)F,5.558639203378927
CC(C)OC(=O)Nc1cc(ccn1)NC(=O)c2c(cccc2Cl)Cl,9.495607134135945
Cc1cc(no1)Nc2cc(ccn2)NC(=O)c3c(cc(cc3Cl)C(C)O)Cl,7.665445280872278
Cc1nccc(n1)Nc2cc(ccn2)NC(=O)c3ccccc3N,6.092830615460193
Cc1ccc(c(c1)C(=O)Nc2ccnc(c2)Nc3ncccn3)C,4.742197097672563
CC(=O)NCC1CC1C(=O)Nc2cc(ccn2)NC(=O)c3cc(ccc3Cl)Cl,6.681685104146694
c1cc(c(c(c1)Cl)F)C(=O)Nc2cc(ncc2F)Nc3ncccn3,6.518571885174028
Cc1ccc(cc1C(=O)Nc2cc(ncc2F)NC(=O)C3CC3C#N)OC,6.316563784770714
COc1ccccc1C(=O)Nc2cc(ncc2F)NC(=O)C3CCCC3,9.178841613295363
CSCC(=O)Nc1cc(ccn1)NC(=O)c2ccccc2F,8.168100302604373
CC(C)CC(=O)Nc1cc(ccn1)NC(=O)c2cc(ccc2Cl)OC,6.102641936902159
c1cc(nc(c1)Nc2cc(ccn2)NC(=O)c3cc(ccc3F)N)N,6.325499095369646
c1cc(cc(c1)F)C(=O)Nc2ccnc(c2)Nc3cnn(c3)C4CCOCC4,9.85985244266889
C=Cc1cc(c(c(c1)Cl)C(=O)Nc2ccnc(c2)Nc3ncccn3)Cl,6.888073258765169
c1cc(cc(c1)O)C(=O)Nc2ccnc(c2)NC(=O)C3CCCCC3,6.033612282471192
CC(=O)NCC1CC1C(=O)Nc2cc(ccn2)NC(=O)c3c(ccc(c3Cl)F)F,8.014973607242279
CC1CC1C(=O)Nc2cc(c(cn2)F)NC(=O)c3c(cc(cc3Cl)C(C)O)Cl,6.1707955804900925
Cc1cc(c(c(c1)Cl)C(=O)Nc2ccnc(c2)Nc3cccc(n3)C(=O)N)Cl,7.212898079361649
c1ccnc(c1)Nc2cc(ccn2)NC(=O)c3cc(ccc3N)F,4.718019198404864
Cc1ccc(c(c1)C(=O)Nc2cc(ncc2F)NC(=O)C3COC3)C,6.84374711010772
Cc1ccc(c(c1)C)C(=O)Nc2cc(ncc2F)NC(=O)C3CCC3,6.900863017073444
c1cc(c(c(c1F)C(=O)Nc2ccnc(c2)NC(=O)C3CC3CO)Cl)F,8.426348299130378
c1ccnc(c1)C(=O)Nc2ccnc(c2)NC(=O)C3CC3C#N,5.211914111706632
c1cc(c(cc1Cl)N)C(=O)Nc2cc(ncc2F)NC(=O)C3CC(C3)O,5.704407407659548
Cc1nccc(n1)Nc2cc(ccn2)NC(=O)c3cccc(c3Cl)N,7.210094844663945
Cc1cccc(c1C(=O)Nc2ccnc(c2)Nc3ccn(n3)C)Cl,7.280526116443764
c1cc(nc(c1)Nc2cc(ccn2)NC(=O)c3ccc(cc3F)F)N,7.172951984919364
c1cc(c(c(c1)Cl)F)C(=O)Nc2ccnc(c2)NC(=O)CO,7.771267390710616
CNC(=O)Nc1cc(ccn1)NC(=O)c2c(cc(cc2Cl)Cl)Cl,8.217682516320016
CNC(=O)Nc1cc(ccn1)NC(=O)c2cc(ccc2F)Cl,8.904475017257559
c1ccc(cc1)Nc2cc(ccn2)NC(=O)c3cc(ccc3N)Cl,5.584393922164085
COc1ccc(cc1C(=O)Nc2ccnc(c2)NC(=O)Nc3ccccn3)F,6.971819895359084
c1cc(c(c(c1)Cl)C(=O)Nc2ccnc(c2)NC(=O)CC#N)F,9.114016810910952
c1cc(cc(c1)O)C(=O)Nc2cc(ncc2F)NC(=O)C3CCOC3,6.42133468159741
c1cnc(nc1)Nc2cc(ccn2)NC(=O)c3ccc(cc3F)F,6.9975746141442405
Cc1cc(cc(c1)Nc2cc(ccn2)NC(=O)c3cccc(c3N)Cl)C,6.211267281438198
Cc1cccc(c1C(=O)Nc2cc(ncc2F)NC(=O)CC(C)C)Cl,7.590633954877297
Cc1cc(ccc1C(=O)Nc2cc(ncc2F)NC(=O)C3CC3(C)C)Cl,6.497372422772639
c1cc(c(c(c1)Cl)C(=O)Nc2cc(ncc2F)Nc3cnn(c3)C4CCOCC4)Cl,11.12095765229859
Cc1ccnc(n1)Nc2cc(c(cn2)F)NC(=O)c3cc(ccc3Cl)F,8.352588186147035
Cc1cccc(c1F)C(=O)Nc2ccnc(c2)NC(=O)NC3CC3,7.598693254633196
CCC(=O)Nc1cc(ccn1)NC(=O)c2cc(ccc2F)F,7.729569274582263
c1cnccc1C(=O)Nc2cc(ncc2F)NC(=O)C3COC3,6.580943857197946
c1cc(ccc1C(=O)Nc2cc(ncc2F)NC(=O)C3CCC3)F,5.877507150242785
Cc1nc(cc(n1)Cl)Nc2cc(ccn2)NC(=O)c3cc(ccc3Cl)N,8.346631312414413
c1cc(c(cc1Cl)C(=O)Nc2ccnc(c2)NC(=O)C3CC3Cl)N,6.404515273411185
Cc1cc(on1)Nc2cc(ccn2)NC(=O)c3ccc(cc3F)Cl,8.65656394867934
Cc1cccc(c1N)C(=O)Nc2ccnc(c2)NC(=O)C,4.941401963378171
CC(=O)NCC1CC1C(=O)Nc2cc(ccn2)NC(=O)c3c(cc(cc3Cl)CF)Cl,5.153922193897875
c1cc(c(c(c1)Cl)F)C(=O)Nc2cc(ncc2F)NC(=O)C3COC3,7.263706708257538
c1cc(c(c(c1)F)N)C(=O)Nc2ccnc(c2)NC(=O)C3COC3,6.0756608029367545
c1cc(c(cc1N)C(=O)Nc2cc(ncc2F)NC(=O)CF)Cl,9.68745350876008
c1cc(ccc1C(=O)Nc2ccnc(c2)NC(=O)C3CC(C3)O)N,6.110350832320845
Cc1c(cccc1Cl)C(=O)Nc2cc(ncc2F)Nc3cnccn3,6.466186436760678
Cc1cccc(c1C(=O)Nc2cc(ncc2F)NC(=O)C3CC(C3)O)F,8.410755306124399
COc1ccc(nc1)Nc2cc(ccn2)NC(=O)c3cc(ccc3Cl)F,7.713801079407678
c1cc(c(nc1)Nc2cc(c(cn2)F)NC(=O)c3ccc(cc3Cl)Cl)F,7.510916968161332
COc1ccnc(c1)Nc2cc(ccn2)NC(=O)c3cc(ccc3F)F,7.185741743227639
Cc1cc(nc(n1)N2CC(C2)O)Nc3cc(ccn3)NC(=O)c4cccc(c4)Cl,9.596698785421903
COc1ccnc(c1)Nc2cc(c(cn2)F)NC(=O)c3cc(ccc3Cl)F,8.486968249468232
Cc1cc(nc(n1)NC(C)CO)Nc2cc(ccn2)NC(=O)c3cccc(c3)Cl,8.842103045233639
c1cc(c(cc1N)C(=O)Nc2ccnc(c2)NC(=O)CF)Cl,7.7763482536002035
COc1cc(c(c(c1)Cl)C(=O)Nc2ccnc(c2)NC(=O)C3CC3)Cl,8.446496548520127
COc1cccc(c1F)C(=O)Nc2ccnc(c2)NC(=O)C3CC3C#N,6.338113651509316
c1cc(c(c(c1)F)Cl)C(=O)Nc2ccnc(c2)NC(=O)C3CC3Cl,8.689151552040151
Cc1cncc(n1)Nc2cc(c(cn2)F)NC(=O)c3c(cc(cc3Cl)CO)Cl,6.2785449141831
Cc1cc(nc(n1)C2CC2)Nc3cc(ccn3)NC(=O)c4ccc(cc4Cl)F,8.096617817812914
c1cc(c(cc1O)C(=O)Nc2cc(ncc2F)NC(=O)C3COC3)Cl,9.69288477598688
c1ccc(cc1)COCC(=O)Nc2cc(ccn2)NC(=O)c3cccc(c3)N,6.71252068582144
Cc1cccc(c1C(=O)Nc2ccnc(c2)Nc3ccc(cn3)CO)C,6.1538009701352605
Cc1ccc(c(c1)C)C(=O)Nc2cc(ncc2F)NC(=O)C3CCOC3,6.802925004822402
COc1ccccc1C(=O)Nc2ccnc(c2)Nc3ccc(cn3)CO,6.371226861375947
COc1ccc(c(c1)Cl)C(=O)Nc2cc(ncc2F)NC(=O)C3CC3,8.611186587010252
Cc1cc(nc(n1)CO)Nc2cc(ccn2)NC(=O)c3ccc(cc3Cl)F,8.978760736746722
CSCC(=O)Nc1cc(ccn1)NC(=O)c2c(cc(cc2Cl)CO)Cl,6.750189152071841
CCc1cc(nc(n1)NC)Nc2cc(ccn2)NC(=O)c3c(cccc3Cl)Cl,9.46564756330423
c1cc(c(c(c1)F)C(=O)Nc2ccnc(c2)Nc3cc([nH]n3)C4CC4)N,7.366550381229564
Cc1ccc(cc1C(=O)Nc2cc(ncc2F)NC(=O)C3CC3C#N)Cl,7.1878441692509165
Cc1cc(cc(c1)Nc2cc(ccn2)NC(=O)c3ccc(cc3N)Cl)C,5.416375042470436
Cc1cccc(c1C(=O)Nc2ccnc(c2)NC(=O)C3CC3)OC,6.253491004072369
CC(C)C(=O)Nc1cc(ccn1)NC(=O)c2cc(ccc2OC)Cl,4.551577138228674
c1cnc(cc1NC(=O)c2c(cc(cc2Cl)N)Cl)NC(=O)C3CCC3,6.826226893247068
CN(C)c1nc(cc(n1)Cl)Nc2cc(ccn2)NC(=O)c3ccccc3F,8.402696006368497
c1cc(c(c(c1)Br)C(=O)Nc2ccnc(c2)Nc3ccncn3)F,9.117520854283082
Cc1cc(c(c(c1)Cl)C(=O)Nc2ccnc(c2)NC(=O)C3CC(=O)C3)Cl,7.349205366537518
CC(C)NC(=O)Nc1cc(c(cn1)F)NC(=O)c2cccc(c2OC)Cl,7.483235025521503
c1cc(c(cc1F)Cl)C(=O)Nc2cc(ncc2F)NC(=O)C3CC3Cl,8.261132654134434
Cc1cc(nc(n1)NC2CC2)Nc3cc(ccn3)NC(=O)c4ccc(cc4Cl)N,11.119380832781133
Cc1ccc(c(c1)OC)C(=O)Nc2ccnc(c2)NCC3CC3,3.1590703021440865
c1c(cc(c(c1Cl)C(=O)Nc2cc(ncc2F)NC(=O)CF)Cl)NC(=O)C3CC3,8.220485751017723
COC(=O)c1ccnc(c1)Nc2cc(ccn2)NC(=O)c3c(cccc3Cl)F,7.871833435490755
Cc1cc(nc(n1)NC2CC2)Nc3cc(ccn3)NC(=O)c4ccccc4Cl,9.857574814477005
Cc1ccc(cc1C(=O)Nc2ccnc(c2)NC(=O)CC3CC3)N,5.786226820398791
CC(C)c1cc(nc(n1)N(C)C)Nc2cc(ccn2)NC(=O)c3cc(ccc3Cl)O,8.683369880476135
c1ccc(cc1)C(=O)Nc2ccnc(c2)Nc3ccc(cn3)C(=O)N,6.107547597623141
COc1ccc(cc1C(=O)Nc2ccnc(c2)NC(=O)CSC)Cl,5.977722790685712
Cc1c(cccc1OC)C(=O)Nc2ccnc(c2)NC(=O)C3CC3(F)F,5.866294211451968
Cc1ccc(c(c1)N)C(=O)Nc2cc(ncc2F)NC(=O)C3CC(=O)C3,5.667614952252179
Cc1cc(nc(n1)N(C)C)Nc2cc(c(cn2)F)NC(=O)c3ccccc3Cl,10.78053983869613
Cc1c(cccc1F)C(=O)Nc2cc(ncc2F)NC(=O)C3CC3CO,6.953774071992612
c1cnccc1Nc2cc(c(cn2)F)NC(=O)c3c(cc(cc3Cl)CO)Cl,6.939407494166877
c1cc(nc(c1)Nc2cc(c(cn2)F)NC(=O)c3c(cc(cc3Cl)CF)Cl)C(=O)N,7.955755274253276
c1cc(c(cc1Cl)C(=O)Nc2ccnc(c2)NC(=O)C3CC(C3)O)Cl,8.299151524722047
Cc1cc(ccc1C(=O)Nc2ccnc(c2)Nc3ccc(cn3)C(=O)N)F,7.364973561712104
Cc1ccnc(c1)Nc2cc(ccn2)NC(=O)c3cc(ccc3Cl)F,7.479906184317979
Cc1cccc(c1C(=O)Nc2ccnc(c2)NC(=O)C3CC3(F)F)F,6.929596172724913
COc1cc(c(c(c1)Cl)C(=O)Nc2cc(ncc2F)NC(=O)OC)Cl,8.096968222150128
c1ccc(c(c1)C(=O)Nc2cc(ncc2F)NC(=O)C3CC3F)F,9.367183944547367
CC1CC1C(=O)Nc2cc(c(cn2)F)NC(=O)c3ccc(cc3N)Cl,5.313531369498412
Cc1cc(nc(n1)N2CCC2)Nc3cc(c(cn3)F)NC(=O)c4c(cccc4Cl)F,12.1914429024844
Cc1cccc(c1C(=O)Nc2ccnc(c2)NC(=O)NC(C)C)N,5.3109033369693135
COc1ccc(cc1)C(=O)Nc2ccnc(c2)Nc3ccc(cn3)OC,5.426887172586826
Cc1ccnc(c1)Nc2cc(c(cn2)F)NC(=O)c3ccccc3Cl,9.295351055418696
Cc1ccc(cc1C(=O)Nc2ccnc(c2)Nc3ccc(c(n3)C)C#N)Cl,6.1905934255426285
Cc1cc(ncn1)Nc2cc(ccn2)NC(=O)c3cc(ccc3Cl)Cl,8.715256675162522
COc1ccc(c(c1)C(=O)Nc2ccnc(c2)Nc3cc(ccn3)OC)Cl,6.833585384328542
Cc1cccc(c1F)C(=O)Nc2ccnc(c2)Nc3cc(nc(n3)C)Cl,8.513423776927816
c1cnccc1C(=O)Nc2cc(ncc2F)NC(=O)NC3CC3,7.625148782092781
c1cc(c(c(c1)O)Cl)C(=O)Nc2ccnc(c2)Nc3ncccn3,6.671523378367516
CC(C)NC(=O)Nc1cc(ccn1)NC(=O)c2c(cc(cc2Cl)C=C)Cl,7.739380596024229
CC(=O)NCC1CC1C(=O)Nc2cc(c(cn2)F)NC(=O)c3cccc(c3)OC,5.12904348595575
Cc1cc(nc(n1)N(C)C)Nc2cc(ccn2)NC(=O)c3cc(ccc3Cl)F,9.809919824616031
Cc1cccc(c1C(=O)Nc2ccnc(c2)NC(=O)Nc3ccccn3)OC,6.906819890806066
c1cc(ccc1C(=O)Nc2ccnc(c2)NC(=O)NC3CCC3)O,6.76683335808946
c1cc(nnc1)Nc2cc(ccn2)NC(=O)c3ccc(cc3Cl)Cl,7.650027490034907
c1cnc(cc1NC(=O)c2c(cc(cc2Cl)N)Cl)Nc3ncco3,7.792291650943397
Cc1cc(n(n1)C)Nc2cc(ccn2)NC(=O)c3cc(ccc3F)Cl,7.494623166480927
COc1cc(cc(c1C(=O)Nc2ccnc(c2)NC(=O)NC3CC3)Cl)Cl,6.899286197555986
c1ccc(c(c1)C(=O)Nc2cc(ncc2F)Nc3c[nH]nc3)Cl,10.228653007585605
CCC(=O)Nc1cc(c(cn1)F)NC(=O)c2c(cc(cc2Cl)NC(=O)C3CC3)Cl,6.7275880723216
c1cc(c(c(c1)Cl)C(=O)Nc2cc(ncc2F)NC(=O)C3CC3F)N,8.8114426657275
c1cc(c(c(c1)N)Cl)C(=O)Nc2ccnc(c2)NC(=O)C3CCCC3,6.356334677044393
c1cc(cc(c1)Cl)C(=O)Nc2ccnc(c2)NC(=O)C3CC3Cl,7.7169547184425955
COC(=O)Nc1cc(ccn1)NC(=O)c2ccc(cc2F)F,7.726941242053167
Cc1ccc(cc1C(=O)Nc2cc(ncc2F)Nc3ccccn3)Cl,8.20506796018035
Cc1cc(nc(n1)Cl)Nc2cc(ccn2)NC(=O)c3c(cccc3Cl)OC,9.32425941323877
c1ccc(cc1)Nc2cc(ccn2)NC(=O)c3ccc(cc3Cl)O,7.602372500173933
c1cc(c(cc1F)F)C(=O)Nc2ccnc(c2)NC(=O)C3CC(C3)O,6.764205325560361
CCC(=O)Nc1cc(ccn1)NC(=O)c2c(cccc2F)OC,6.8695018288928775
CC(=O)Nc1cc(c(c(c1)Cl)C(=O)Nc2cc(ncc2F)NC(=O)C3CCC3)Cl,6.146267276885181
Cc1cc(ccc1C(=O)Nc2ccnc(c2)NC(=O)C3CC(=O)C3)N,6.632628496936869
COc1ccc(cc1)C(=O)Nc2ccnc(c2)NC(=O)C3CC3C#N,7.273167625362291
Cc1ccccc1C(=O)Nc2ccnc(c2)NC(=O)C3CCCC3,6.322871062840549
COC(=O)c1cncc(n1)Nc2cc(c(cn2)F)NC(=O)c3ccccc3Cl,9.037278261061298
c1cc(c(c(c1)F)C(=O)Nc2ccnc(c2)NC(=O)C3CCCC3)N,5.512385830866807
c1cc(ccc1C(=O)Nc2ccnc(c2)NC(=O)NC3CC(C3)O)F,6.689218797396774
CCc1cc(nc(n1)N)Nc2cc(c(cn2)F)NC(=O)c3ccccc3Cl,9.829192063162749
CCOC(=O)Nc1cc(ccn1)NC(=O)c2c(cccc2C)C,5.706685035851433
Cc1cc(nc(n1)NCC2CC2)Nc3cc(ccn3)NC(=O)c4cccc(c4Cl)O,10.955742007302646
CC(=O)NCC1CC1C(=O)Nc2cc(c(cn2)F)NC(=O)c3cc(ccc3Cl)Cl,8.110633991301436
c1cc(c(cc1O)Cl)C(=O)Nc2cc(ncc2F)NC(=O)C3CC3C#N,8.521483076683715
Cc1ccc(c(c1)F)C(=O)Nc2cc(ncc2F)NC(=O)C3(CC3)C,6.574110972622292
c1cc(nc(c1)Nc2cc(c(cn2)F)NC(=O)c3cc(ccc3Cl)Cl)CO,9.780836264627352
c1cc(c(c(c1)Cl)C(=O)Nc2ccnc(c2)NC(=O)NC3CCC3)N,6.7631541125487225
CC1(CC1C(=O)Nc2cc(ccn2)NC(=O)c3ccc(cc3Cl)Cl)C,6.108774012803386
COc1ccnc(c1)Nc2cc(ccn2)NC(=O)c3cc(ccc3F)Cl,6.563073236000082
c1ccc(c(c1)C(=O)Nc2ccnc(c2)Nc3cncc(n3)CO)F,8.018477650614408
c1cc(cc(c1)O)C(=O)Nc2ccnc(c2)Nc3ccncc3,8.094865796126848
COc1ccccc1C(=O)Nc2cc(ncc2F)NC(=O)C3CC3Cl,10.933140927552406
CC(C)OC(=O)Nc1cc(ccn1)NC(=O)c2c(cccc2Cl)F,9.41781737127465
COc1cccc(c1)C(=O)Nc2ccnc(c2)NC(=O)C3CC3(F)F,6.115957301716254
Cc1ccc(c(c1)F)C(=O)Nc2ccnc(c2)NC(=O)C3CC3Cl,7.209043631652306
c1ccnc(c1)Nc2cc(c(cn2)F)NC(=O)c3ccc(cc3F)Cl,8.147251244540197
CNC(=O)C1CC1C(=O)Nc2cc(ccn2)NC(=O)c3c(cccc3F)F,9.485971014862583
Cc1ccnc(n1)Nc2cc(ccn2)NC(=O)c3cccc(c3Cl)F,7.317143369682525
COC(=O)Nc1cc(ccn1)NC(=O)c2c(cccc2Cl)Cl,10.06203574524081
Cc1ccc(cc1C(=O)Nc2ccnc(c2)Nc3ncccn3)Cl,5.714744335607332
COc1c(cccc1Cl)C(=O)Nc2cc(ncc2F)NC(=O)C3CC3(F)F,7.67648301749449
CC(c1cc(c(c(c1)Cl)C(=O)Nc2cc(ncc2F)Nc3ncccn3)Cl)O,4.523369589083025
Cc1cc(ccc1C(=O)Nc2ccnc(c2)Nc3cc(nc(n3)C)CO)Cl,7.510566563824119
Cc1ccnc(c1)Nc2cc(ccn2)NC(=O)c3ccccc3Cl,7.800000546362083
c1cc(c(cc1O)C(=O)Nc2ccnc(c2)NC(=O)C3CC3Cl)F,8.107480352266519
CCNC(=O)Nc1cc(ccn1)NC(=O)c2c(cc(cc2Cl)C(C)O)Cl,6.125593420989612
c1cc(c(cc1N)C(=O)Nc2ccnc(c2)NC(=O)C3CC(=O)C3)F,7.556119127661813
Cc1cccc(c1)Nc2cc(ccn2)NC(=O)c3ccccc3C,6.882641991538367
COc1ccc(cc1C(=O)Nc2cc(ncc2F)NC(=O)C3CC3C#N)F,10.665081609584435
Cc1ccccc1C(=O)Nc2ccnc(c2)Nc3cc(ccn3)CO,7.13791155119806
Cc1c(cccc1Cl)C(=O)Nc2cc(ncc2F)NC(=O)C(F)F,6.729340094007665
c1cc(c(c(c1)F)Cl)C(=O)Nc2ccnc(c2)NC(=O)NC3CC3,8.633612464591886
c1ccnc(c1)C(=O)Nc2cc(ncc2F)NC(=O)C3CCOC3,6.7724398274848685
COCC(=O)Nc1cc(ccn1)NC(=O)c2c(cccc2Cl)F,8.996631357944587
c1ccc(cc1)C(=O)Nc2ccnc(c2)Nc3ccc(cn3)CO,7.027183780638743
Cc1cccc(c1C(=O)Nc2ccnc(c2)NC(=O)NC3CC3)OC,6.272062433944659
COCC(=O)Nc1cc(ccn1)NC(=O)c2ccccc2F,7.64582263798835
Cc1c(cccc1OC)C(=O)Nc2ccnc(c2)NC(=O)C3CC3,5.93409745070269
Cc1ccc(c(c1)Cl)C(=O)Nc2ccnc(c2)Nc3cc(nc(n3)NC)C(C)C,7.073086748813648
Cc1cccc(c1C(=O)Nc2ccnc(c2)Nc3cccc(n3)C)Cl,7.141240392401584
CCn1cc(cn1)Nc2cc(ccn2)NC(=O)c3cccc(c3Cl)O,7.676658219663095
Cc1cccc(c1C(=O)Nc2cc(ncc2F)Nc3cccnn3)Cl,8.153383320441426
c1ccc(cc1)CNC(=O)Nc2cc(ccn2)NC(=O)c3cc(ccc3Cl)F,9.520310639909464
Cc1cc(nc(n1)NC2CC2)Nc3cc(ccn3)NC(=O)c4c(cccc4F)F,11.069097810391062
c1cc(ccc1C(=O)Nc2ccnc(c2)Nc3ccncc3)N,6.971819895359084
c1ccc(c(c1)C(=O)Nc2ccnc(c2)NC(=O)CC3CC3)Cl,7.796321300821346
CC(C)C(=O)Nc1cc(c(cn1)F)NC(=O)c2ccc(cc2N)Cl,5.147439713659434
Cc1ccnc(n1)Nc2cc(ccn2)NC(=O)c3ccccc3Cl,7.162439854802972
CC(c1cc(c(c(c1)Cl)C(=O)Nc2ccnc(c2)NC(=O)NC3CCC3)Cl)O,6.045526029936434
COc1ccc(cc1C(=O)Nc2cc(ncc2F)NC(=O)NC3CCC3)Cl,9.914515519274122
c1cc(c(cc1O)C(=O)Nc2cc(ncc2F)NC(=O)CC3CC3)Cl,9.685701487074011
Cc1cc(cc(c1)Nc2cc(ccn2)NC(=O)c3cccc(c3Cl)N)C,6.500000455301735
CC(C)c1cc(nc(n1)N)Nc2cc(ccn2)NC(=O)c3c(cccc3Cl)OC,8.238005967878372
Cc1ccc(c(c1)Cl)C(=O)Nc2cc(ncc2F)NC(=O)C3CC3,8.729097646482437
Cc1ccc(c(c1)C)C(=O)Nc2ccnc(c2)NC(=O)C3CCC3,4.465728075611481
COc1cccc(c1F)C(=O)Nc2ccnc(c2)NC(=O)C3COC3,7.088504539651022
CC(C)OC(=O)Nc1cc(ccn1)NC(=O)c2ccc(cc2Cl)F,8.525512726561665
c1cc(c(c(c1)F)F)C(=O)Nc2ccnc(c2)NC(=O)C3CC3C#N,8.859448059925684
Cc1ccc(cc1)C(=O)Nc2cc(ncc2F)NC(=O)C3CC3C#N,6.532938462999761
CNC(=O)c1ccc(nc1)Nc2cc(ccn2)NC(=O)c3ccc(cc3Cl)Cl,7.347453344851453
CC1(CC1)C(=O)Nc2cc(c(cn2)F)NC(=O)c3cc(ccc3Cl)N,7.781429116489793
c1c(cc(c(c1F)C(=O)Nc2cc(ncc2F)NC(=O)C3CC3CO)F)F,8.373262042042604
c1ccc(cc1)COCC(=O)Nc2cc(ccn2)NC(=O)c3c(cccc3Cl)N,7.136159529511995
COc1cc(ccc1C(=O)Nc2ccnc(c2)NC(=O)Nc3cccnc3)Cl,7.795270087809706
c1cc(c(cc1O)C(=O)Nc2ccnc(c2)NC(=O)C3CC3(F)F)Cl,8.440189270450292
Cc1coc(n1)Nc2cc(ccn2)NC(=O)c3ccc(cc3Cl)N,7.375660893997102
c1cc(c(cc1N)Cl)C(=O)Nc2ccnc(c2)NC(=O)C3CCCCC3,7.20028352322198
c1cc(c(cc1Cl)C(=O)Nc2ccnc(c2)NC(=O)C3CC3F)N,6.013989639587262
COc1cccc(c1)C(=O)Nc2ccnc(c2)NC(=O)NCc3ccccc3,6.568854907564096
Cc1cc(n[nH]1)Nc2cc(ccn2)NC(=O)c3cc(ccc3Cl)O,9.12663136705062
c1ccc(c(c1)C(=O)Nc2ccnc(c2)Nc3cc(nc(n3)N)C4CC4)C(F)(F)F,9.30726480288394
c1cc(c(cc1F)Cl)C(=O)Nc2ccnc(c2)NC(=O)NC3CC3,8.154960139958884
c1cc(cc(c1)Cl)C(=O)Nc2cc(ncc2F)Nc3cc(ccn3)CO,7.787385990222415
c1cc(nc(c1)Nc2cc(c(cn2)F)NC(=O)c3cc(ccc3F)Cl)N,7.799474939856263
CCOC(=O)c1ccc(nc1)Nc2cc(ccn2)NC(=O)c3ccc(cc3Cl)N,8.53287121764314
Cc1cccc(c1C(=O)Nc2ccnc(c2)NC(=O)C3CC3C)F,8.348208131931871
COc1cccc(c1C(=O)Nc2ccnc(c2)NC(=O)C3CCCCC3)Cl,6.338464055846528
Cc1c(ccc(n1)Nc2cc(c(cn2)F)NC(=O)c3c(cccc3Cl)F)NC(=O)C,9.807116589918328
c1cc(c(c(c1)Br)C(=O)Nc2ccnc(c2)Nc3ccc(cn3)C#N)Cl,8.785337542605129
CC(=O)NCC1CC1C(=O)Nc2cc(ccn2)NC(=O)c3c(cccc3Cl)Cl,8.317372550257124
CCOC(=O)Nc1cc(ccn1)NC(=O)c2c(cccc2Cl)OC,7.311887304624331
c1cc(c(c(c1)F)F)C(=O)Nc2ccnc(c2)NC(=O)C3CC(C3)O,7.889704056688619
Cc1cccc(c1C(=O)Nc2ccnc(c2)Nc3ncccn3)Cl,6.41134815798684
CC(=O)NCC1CC1C(=O)Nc2cc(ccn2)NC(=O)c3cc(ccc3F)Cl,6.740027426292663
CC1(CC1C(=O)Nc2cc(c(cn2)F)NC(=O)c3c(cccc3Cl)OC)C,6.542048975767299
CC(C)CC(=O)Nc1cc(ccn1)NC(=O)c2c(cccc2Cl)OC,5.959326562982028
Cc1ccc(nc1)Nc2cc(ccn2)NC(=O)c3ccc(cc3Cl)F,7.5456069975454225
c1cnc(nc1)Nc2cc(ccn2)NC(=O)c3ccc(cc3Cl)F,7.086927720133564
c1ccnc(c1)NC(=O)Nc2cc(c(cn2)F)NC(=O)c3ccncc3,7.257925036693524
c1cc(c(cc1N)F)C(=O)Nc2ccnc(c2)NCC3CC3,4.654596013369305
Cc1cc(nc(n1)N2CCC2)Nc3cc(ccn3)NC(=O)c4cccc(c4Cl)N,7.650728298709332
Cc1ccc(c(c1)C(=O)Nc2cc(ncc2F)NC(=O)C3CC3(C)C)N,4.54877390353097
c1cnc(cn1)Nc2cc(c(cn2)F)NC(=O)c3c(cc(cc3Cl)C=O)Cl,6.347399366445461
Cc1ccc(cc1C(=O)Nc2ccnc(c2)NC(=O)C3CC3C)OC,6.896132558521068
c1cc(c(c(c1)F)Cl)C(=O)Nc2cc(ncc2F)NC(=O)C3CC3C(=O)N,9.151510074992746
COc1ccc(c(c1)C(=O)Nc2ccnc(c2)NC(=O)C3CC3Cl)F,7.806658228769131
c1ccc(c(c1)C(=O)Nc2cc(ncc2F)NC(=O)C3CC(=O)C3)C(F)(F)F,7.904946645357387
Cc1ccccc1C(=O)Nc2ccnc(c2)Nc3cc(ccn3)OC,6.239474830583847
c1cc(c(c(c1)F)F)C(=O)Nc2ccnc(c2)NC(=O)CSC(F)F,8.264987101843776
CC1(CC1C(=O)Nc2cc(ccn2)NC(=O)c3ccc(cc3F)Cl)C,6.004703924651116
Cc1cc(nc(n1)Nc2cc(ccn2)NC(=O)c3ccc(cc3Cl)N)C,6.479501801574774
Cc1cnc(cn1)Nc2cc(ccn2)NC(=O)c3c(cccc3Cl)N,4.744299523695841
Cc1cc(nc(n1)NCCO)Nc2cc(ccn2)NC(=O)c3c(cccc3Br)Cl,9.67781738948672
Cc1ccc(c(c1)OC)C(=O)Nc2ccnc(c2)NC(=O)C3CC3C,4.674043454084628
c1ccc2c(c1)ccc(n2)Nc3cc(ccn3)NC(=O)c4ccc(cc4Cl)N,7.581873846446971
c1cc(cnc1)C(=O)Nc2ccnc(c2)Nc3cc(nc(n3)N)C4CC4,8.290041011954509
CCc1cc(nc(n1)N)Nc2cc(ccn2)NC(=O)c3c(cccc3Br)Cl,8.440890079124719
Cc1ccc(cc1C(=O)Nc2ccnc(c2)Nc3ccncn3)Cl,7.4858630580506
Cc1nccc(n1)Nc2cc(ccn2)NC(=O)c3ccccc3OC,5.96580904322047
c1cnc(nc1)Nc2cc(ccn2)NC(=O)c3c(cc(cc3Cl)CO)Cl,5.345418164184797
Cc1cc(n[nH]1)Nc2cc(ccn2)NC(=O)c3cccc(c3Cl)F,9.136968294998406
Cc1cnc(cn1)Nc2cc(c(cn2)F)NC(=O)c3ccc(cc3Cl)Cl,7.341846875456045
c1ccc(c(c1)C(=O)Nc2cc(ncc2F)NC(=O)C3CC(=O)C3)Cl,9.69235916948106
c1cc(c(c(c1)Br)C(=O)Nc2cc(ncc2F)Nc3ccncc3)Cl,8.927601703513618
CC(Cn1cc(cn1)Nc2cc(ccn2)NC(=O)c3ccccc3Cl)O,9.343006045279669
CCc1cc(nc(n1)NCCO)Nc2cc(ccn2)NC(=O)c3c(cccc3Cl)C,8.83159091511725
Cc1ccccc1C(=O)Nc2ccnc(c2)Nc3ccc(cn3)C(=O)NC,7.934731014020494
c1ccnc(c1)Nc2cc(ccn2)NC(=O)c3cccc(c3)F,6.8940301324977895
CN(C)c1cnc(cn1)Nc2cc(ccn2)NC(=O)c3ccc(cc3Cl)N,6.319016615131206
c1cnccc1Nc2cc(c(cn2)F)NC(=O)c3c(cc(cc3Cl)CF)Cl,7.165943898175103
c1c(cc(c(c1Cl)C(=O)Nc2cc(ncc2F)NC(=O)CC#N)Cl)Cl,7.81874717840298
CCNC(=O)Nc1cc(c(cn1)F)NC(=O)c2c(cc(cc2Cl)N)Cl,9.076698748997766
Cc1cccc(c1C(=O)Nc2ccnc(c2)NC(=O)CF)C,6.587251135267781
CN(C)C(=O)c1cccc(n1)Nc2cc(ccn2)NC(=O)c3cc(ccc3Cl)O,8.145849627191346
CC(=O)Nc1cc(ccn1)NC(=O)c2ccc(cc2OC)Cl,5.618207940705142
Cc1cnc(nc1)Nc2cc(ccn2)NC(=O)c3cccc(c3C)N,5.084016528623875
Cc1c(cccc1N)C(=O)Nc2ccnc(c2)Nc3ccccn3,5.651671554908986
c1cc(c(cc1F)C(=O)Nc2cc(ncc2F)NC(=O)NC3CC3)F,8.648679851092046
Cc1ccc(cc1C(=O)Nc2cc(ncc2F)NC(=O)C3CC(C3)O)O,8.448949378880618
c1cc(cnc1)C(=O)Nc2cc(ncc2F)NC(=O)CC3CC3,7.005809116068747
c1cc(c(cc1N)Cl)C(=O)Nc2ccnc(c2)NC(=O)C3CC3,7.716429111936775
Cc1cccc(c1N)C(=O)Nc2cc(ncc2F)NC(=O)C3CCC3,6.06532387498897
CC(c1cc(c(c(c1)Cl)C(=O)Nc2ccnc(c2)NC(=O)CSC)Cl)O,6.912075955864261
c1ccc(cc1)CNC(=O)Nc2cc(c(cn2)F)NC(=O)c3cc(ccc3Cl)N,10.181523624230453
CCc1cc(nc(n1)NCC)Nc2cc(ccn2)NC(=O)c3cccc(c3)Cl,8.963342945909348
Cc1c(cccc1O)C(=O)Nc2cc(ncc2F)NC(=O)C3CC(=O)C3,7.402642027962505
c1cc(ccc1C(=O)Nc2ccnc(c2)NC(=O)C3CC3F)O,7.619717514865979
c1cc(c(c(c1)Cl)N)C(=O)Nc2cc(ncc2F)Nc3cc([nH]n3)C4CC4,8.171779548145109
CC(=O)NCC1CC1C(=O)Nc2cc(c(cn2)F)NC(=O)c3ccc(cc3Cl)OC,7.505660903103137
CC(C)NC(=O)Nc1cc(ccn1)NC(=O)c2ccc(cc2F)Cl,7.063801033877504
c1cc(c(c(c1)O)F)C(=O)Nc2ccnc(c2)NC(=O)CC3CC3,7.153329342035434
COc1ccc(cc1C(=O)Nc2cc(ncc2F)NC(=O)C3CC(=O)C3)Cl,10.321860561284272
c1cc(c(c(c1)F)C(=O)Nc2ccnc(c2)NC(=O)C3CC3(F)F)F,8.564758012329525
Cc1ccnc(c1)Nc2cc(ccn2)NC(=O)c3cccc(c3)O,7.150876511674943
CC1(CC1C(=O)Nc2cc(ccn2)NC(=O)c3cc(ccc3Cl)OC)C,7.072736344476437
c1ccc(cc1)CC(=O)Nc2cc(ccn2)NC(=O)c3c(cccc3Br)F,6.9231136924864725
c1cc(c(cc1O)C(=O)Nc2cc(ncc2F)NC(=O)C3CCCC3)F,8.196132649581415
c1cc(c(c(c1)Cl)C(=O)Nc2ccnc(c2)Nc3cc(ccn3)CO)Cl,9.11156398055046
CC(c1cc(c(c(c1)Cl)C(=O)Nc2ccnc(c2)NC(=O)CO)Cl)O,6.311132517543912
Cc1cc(nc(n1)N2CCC2)Nc3cc(ccn3)NC(=O)c4cc(ccc4Cl)Cl,9.772251358365631
Cc1ccc(c(c1)C(=O)Nc2ccnc(c2)NC(=O)NC3CC(C3)O)C,6.405916890760038
CC1(CC1C(=O)Nc2cc(ccn2)NC(=O)c3c(cccc3Br)Cl)C,6.869326626724272
c1cc(c(cc1O)C(=O)Nc2ccnc(c2)NC(=O)C3CCCCC3)Cl,8.160566609354293
CCOC(=O)Nc1cc(c(cn1)F)NC(=O)c2cccc(c2)Cl,7.49847761419027
Cc1cccc(c1C(=O)Nc2cc(ncc2F)NC(=O)NC3CCC3)Cl,8.533747228486172
COc1cc(cc(c1C(=O)Nc2ccnc(c2)Nc3ccnc(n3)CO)Cl)Cl,7.815418337199457
COc1ccccc1C(=O)Nc2ccnc(c2)NC(=O)C(F)F,6.282224159723837
Cc1nc(cc(n1)N(C)C)Nc2cc(ccn2)NC(=O)c3cc(ccc3Cl)F,8.695809234447198
Cc1nc(cc(n1)Cl)Nc2cc(ccn2)NC(=O)c3ccc(cc3Cl)O,9.968127382867715
COc1cccc(c1C(=O)Nc2cc(ncc2F)NC(=O)NC3CC(C3)O)Cl,8.325782254350237
CN(C)c1cnc(cn1)Nc2cc(ccn2)NC(=O)c3c(cccc3Cl)Cl,8.113787630336354
c1cc(c(cc1O)F)C(=O)Nc2cc(ncc2F)NC(=O)C3CC3C#N,9.258208195674117
Cc1cc(c(c(c1)Cl)C(=O)Nc2cc(ncc2F)NC(=O)NC(C)C)Cl,6.9267929380272095
CCOC(=O)Nc1cc(c(cn1)F)NC(=O)c2c(cc(cc2Cl)Cl)Cl,6.68588995619325
c1c(cc(c(c1Cl)C(=O)Nc2cc(ncc2F)NC(=O)NC3CCC3)Cl)CF,6.485633877476002
COc1c(cccc1F)C(=O)Nc2ccnc(c2)NC(=O)C3CC(C3)O,7.110930417232656
CC1CC1C(=O)Nc2cc(c(cn2)F)NC(=O)c3cccc(c3)Cl,7.617965493179914
c1ccc(c(c1)C(=O)Nc2ccnc(c2)NC(=O)C3CCCO3)F,7.1368603381864215
Cc1ccc(cc1C(=O)Nc2ccnc(c2)NC(=O)CC#N)Cl,7.695404851703994
Cc1ccc(c(c1)C(=O)Nc2ccnc(c2)NC(=O)C3CC3(F)F)C,6.608100193331956
CCNC(=O)Nc1cc(ccn1)NC(=O)c2cccc(c2)OC,7.8811191504269
Cc1ccc(cc1C(=O)Nc2ccnc(c2)NC(=O)C3CC3(C)C)Cl,6.93572824862614
c1ccc(c(c1)C(=O)Nc2cc(ncc2F)Nc3cnn(c3)C4CCOCC4)Cl,12.094380901076391
Cc1cc(c(c(c1)Cl)C(=O)Nc2cc(ncc2F)N)Cl,5.1197577710196045
CC(=O)Nc1cc(ccn1)NC(=O)c2cccc(c2F)OC,7.757601621559306
c1ccc(cc1)Nc2cc(ccn2)NC(=O)c3cccc(c3)Cl,7.906173060537632
COCC(=O)Nc1cc(c(cn1)F)NC(=O)c2c(cccc2Cl)OC,7.4693940542015875
c1cc(c(c(c1)N)Cl)C(=O)Nc2ccnc(c2)NC(=O)CC3CC3,6.102466734733553
Cc1ccc(nc1)Nc2cc(ccn2)NC(=O)c3ccc(cc3F)Cl,5.284798213846942
COc1ccc(cc1C(=O)Nc2ccnc(c2)NC(=O)C3CC3C#N)Cl,4.767075805614689
COc1cccc(c1C(=O)Nc2ccnc(c2)NC(=O)CCO)Cl,7.946819963654343
Cc1c(ccc(n1)Nc2cc(ccn2)NC(=O)c3c(cccc3Cl)F)C#N,8.909555880147149
c1ccc(cc1)Nc2cc(ccn2)NC(=O)c3cc(ccc3F)F,8.291617831471967
COc1ccc(cc1)C(=O)Nc2ccnc(c2)Nc3cc([nH]n3)C4CC4,6.94080911151573
c1cc(c(cc1F)C(=O)Nc2ccnc(c2)Nc3cnn(c3)C4CCOCC4)Cl,11.071375438582947
CC1(CC1C(=O)Nc2cc(c(cn2)F)NC(=O)c3c(cc(cc3Cl)OC)Cl)C,6.934501833445895
c1ccc(cc1)CC(=O)Nc2cc(ccn2)NC(=O)c3cccc(c3Cl)O,6.753167588938152
c1cnccc1C(=O)Nc2ccnc(c2)NC(=O)NC3CC(C3)O,7.42103825566619
c1ccc(cc1)OC(=O)Nc2cc(c(cn2)F)NC(=O)c3c(cc(cc3Cl)CO)Cl,6.197251107949677
c1cc(cc(c1)Cl)C(=O)Nc2cc(ncc2F)NC(=O)C3CCC3,6.687466775710709
Cc1cncc(n1)Nc2cc(ccn2)NC(=O)c3ccccc3C(F)(F)F,6.564474853348933
Cc1cc(ccc1C(=O)Nc2cc(ncc2F)NC(=O)C3CC3CO)Cl,7.402291623625293
c1cc(ccc1C(=O)Nc2ccnc(c2)NC(=O)NC3CCC3)F,7.119340121325769
c1cc(c(c(c1)Cl)C(=O)Nc2ccnc(c2)NC(=O)CCO)C(F)(F)F,6.822722849874938
Cc1cc(nc(c1)Nc2cc(c(cn2)F)NC(=O)c3ccccc3Cl)C,8.711051823115966
Cc1cccc(c1C(=O)Nc2ccnc(c2)Nc3ccccn3)Cl,6.837264629869279
CCc1cc(nc(n1)NC)Nc2cc(ccn2)NC(=O)c3c(cccc3Cl)OC,8.246766076308699
c1ccc(c(c1)C(=O)Nc2cc(ncc2F)NC(=O)C3COC3)Cl,8.620472301946396
CCn1cc(cn1)Nc2cc(ccn2)NC(=O)c3cc(ccc3Cl)O,9.138895518853078
COc1cccc(c1)C(=O)Nc2cc(ncc2F)NC(=O)C3CC3CO,6.29413790718908
Cc1ccc(cc1)C(=O)Nc2cc(ncc2F)NC(=O)C3COC3,6.04570123210504
CC(C)OC(=O)Nc1cc(c(cn1)F)NC(=O)c2cc(ccc2Cl)N,9.645404988294514
c1cc(c(c(c1)N)F)C(=O)Nc2cc(ncc2F)NC(=O)C3CCC3,6.179380486751811
c1cc(c(cc1O)F)C(=O)Nc2ccnc(c2)NC(=O)C3CCC3,7.573113738016646
Cc1cc(nc(n1)C2CC2)Nc3cc(ccn3)NC(=O)c4ccccc4Cl,8.977008715060657
CC(=O)Nc1cc(ccn1)NC(=O)c2ccc(cc2F)N,7.313464124141788
Cc1cc(ccc1C(=O)Nc2ccnc(c2)NC(=O)C3CCCC3)N,6.411698562324052
COC(=O)Nc1cc(ccn1)NC(=O)c2ccc(cc2Cl)N,7.88865284367698
COc1cccc(c1C(=O)Nc2ccnc(c2)NC(=O)C3CCCC3)F,7.159987024442481
COc1cccc(c1)C(=O)Nc2ccnc(c2)NC(=O)NC3CC3,6.810108293735269
COc1cccc(c1F)C(=O)Nc2cc(ncc2F)NC(=O)C3CCOC3,5.903787475533764
Cc1ccc(c(c1)F)C(=O)Nc2cc(ncc2F)NC(=O)C3CCC3,7.926146107758775
c1ccc(cc1)CC(=O)Nc2cc(c(cn2)F)NC(=O)c3cccc(c3)Cl,5.900809038667452
Cc1cccc(c1)Nc2cc(ccn2)NC(=O)c3cccc(c3N)Cl,5.680404710560455
c1cc([nH]c(=O)c1)Nc2cc(c(cn2)F)NC(=O)c3ccc(cc3Cl)Cl,8.715782281668341
Cc1cccc(c1)C(=O)Nc2ccnc(c2)Nc3cc(ccn3)OC,4.983450483843735
COc1ccc(c(c1)F)C(=O)Nc2ccnc(c2)NC(=O)C3CC3CO,5.310552932632101
c1cc(c(cc1Cl)C(=O)Nc2ccnc(c2)NC(=O)C3COC3)F,7.717305122779808
c1cc(c(c(c1)Br)C(=O)Nc2cc(ncc2F)NC(=O)NC3CCC3)Cl,7.692952021343502
CC(C)OC(=O)Nc1cc(ccn1)NC(=O)c2c(cc(cc2Cl)C=O)Cl,6.769811794955771
c1cnc(cc1NC(=O)c2c(cc(cc2Cl)CF)Cl)NC(=O)C3CC3Cl,7.228841476704842
CC1(CC1)C(=O)Nc2cc(c(cn2)F)NC(=O)c3cc(ccc3F)OC,5.800593398224525
Cc1cc(c(c(c1)Cl)C(=O)Nc2ccnc(c2)Nc3ccccn3)Cl,5.449313050168461
c1cc(c(cc1F)C(=O)Nc2ccnc(c2)NC(=O)C3CC3Cl)F,7.857817262002234
Cc1c(cccc1F)C(=O)Nc2ccnc(c2)NC(=O)NCc3ccccc3,7.896536941264274
Cc1cccc(c1C(=O)Nc2ccnc(c2)NC(=O)Oc3ccccc3)F,8.436860429246769
c1cc(c(cc1O)F)C(=O)Nc2cc(ncc2F)NC(=O)C3CC(C3)O,8.280054488343938
Cc1c(cccc1F)C(=O)Nc2cc(ncc2F)NC(=O)C3CC3C#N,6.572358950936227
c1cc(ccc1C(=O)Nc2cc(ncc2F)NC(=O)C3COC3)O,6.465310425917647
c1cc(c(c(c1)N)Cl)C(=O)Nc2ccnc(c2)NC(=O)C3COC3,6.389447886911025
c1cc(c(cc1O)C(=O)Nc2ccnc(c2)Nc3ccncc3)Cl,8.744340235151203
c1cc(c(cc1N)F)C(=O)Nc2ccnc(c2)NC(=O)C3CC(=O)C3,7.297170322461383
CC1CC1C(=O)Nc2cc(ccn2)NC(=O)c3cc(ccc3F)O,8.293369853158032
COC(=O)c1ccnc(c1)Nc2cc(ccn2)NC(=O)c3ccc(cc3Cl)N,6.081792878837983
Cc1ccc(cc1C(=O)Nc2ccnc(c2)NC(=O)C(F)F)F,7.129852251442161
CN(C)c1cnc(cn1)Nc2cc(ccn2)NC(=O)c3cc(ccc3Cl)N,6.776819881700031
Cc1cccc(c1C(=O)Nc2ccnc(c2)Nc3c[nH]nc3)Cl,7.867803785612804
Cc1ccc(c(c1)C(=O)Nc2ccnc(c2)NC(=O)C)C,6.218100166013852
Cc1cnc(nc1)Nc2cc(c(cn2)F)NC(=O)c3c(cccc3Cl)F,8.001483040259577
c1cc(c(c(c1)Cl)C(=O)Nc2cc(ncc2F)NC(=O)C3CCC3)N,7.759704047582585
CC1CC1C(=O)Nc2cc(ccn2)NC(=O)c3c(cc(cc3Cl)CO)Cl,6.6650408981290745
Cc1cc(ccc1C(=O)Nc2cc(ncc2F)NC(=O)C3CC3(F)F)F,7.098140658924381
c1cc(c(c(c1)F)C(=O)Nc2ccnc(c2)Nc3c[nH]nc3)F,8.912884721350672
c1cc(c(cc1O)C(=O)Nc2ccnc(c2)NC(=O)C3CC3)F,7.712224259890219
c1ccc(c(c1)C(=O)Nc2cc(ncc2F)Nc3ncccn3)Cl,8.14865286188905
Cc1cc(ccc1C(=O)Nc2ccnc(c2)Nc3c[nH]nc3)Cl,7.60254770234254
c1cc(ccc1C(=O)Nc2cc(ncc2F)NC(=O)C3CC3C#N)Cl,6.641388605367194
Cc1cccc(c1C(=O)Nc2ccnc(c2)Nc3ccnc(n3)C)C,6.016792874284966
c1cc(c(cc1Cl)C(=O)Nc2cc(ncc2F)Nc3cc(ccn3)CO)F,8.170553132964864
CCn1cc(cn1)Nc2cc(ccn2)NC(=O)c3cc(ccc3Cl)Cl,8.537601676195514
c1cc(nc(c1)Nc2cc(ccn2)NC(=O)c3cc(ccc3Cl)F)C(=O)N,9.204245927743306
Cc1cccc(c1C(=O)Nc2ccnc(c2)NC(=O)CC(C)C)C,4.896024601709084
COC(=O)Nc1cc(c(cn1)F)NC(=O)c2ccccc2Cl,7.976779534486058
Cc1cccc(c1C(=O)Nc2cc(ncc2F)NC(=O)C3CC3(C)C)F,7.733598924460214
c1c(cc(c(c1Cl)C(=O)Nc2cc(ncc2F)NC(=O)C3CCCO3)Cl)N,7.530189206708049
Cc1cc(ccc1C(=O)Nc2ccnc(c2)NC(=O)CF)F,6.156253800495752
CCc1cc(nc(n1)N2CCC2)Nc3cc(ccn3)NC(=O)c4cc(ccc4Cl)O,10.453437389907766
Cc1cccc(c1F)C(=O)Nc2cc(ncc2F)NC(=O)C3(CC3)C,5.986833303453252
CCNC(=O)Nc1cc(ccn1)NC(=O)c2cccc(c2C)N,6.189367010362384
Cc1ccc(nc1)Nc2cc(ccn2)NC(=O)c3cc(ccc3Cl)O,7.372857659299398
Cc1cncc(n1)Nc2cc(c(cn2)F)NC(=O)c3c(cc(cc3Cl)C=O)Cl,5.672520612973162
COCC(=O)Nc1cc(ccn1)NC(=O)c2cccc(c2Cl)O,8.698962873482115
CSCC(=O)Nc1cc(c(cn1)F)NC(=O)c2c(cccc2Cl)F,9.789070766551855
c1ccnc(c1)NC(=O)Nc2cc(ccn2)NC(=O)c3c(cccc3Br)Cl,8.823006008855529
c1cnc(cc1CO)Nc2cc(c(cn2)F)NC(=O)c3c(cc(cc3Cl)CO)Cl,6.545202614802217
Cc1ccnc(c1)Nc2cc(c(cn2)F)NC(=O)c3c(cccc3Cl)F,8.397965547816122
Cc1ccc(c(c1)OC)C(=O)Nc2cc(ncc2F)NC(=O)C3CC3Cl,9.990378058280744
Cn1ccc(n1)Nc2cc(c(cn2)F)NC(=O)c3ccc(cc3Cl)Cl,8.2683159430473
CCOC(=O)Nc1cc(ccn1)NC(=O)c2c(cc(cc2Cl)C(C)O)Cl,7.24601128922828
Cc1c(cccc1F)C(=O)Nc2cc(ncc2F)NC(=O)C3CC3(F)F,6.167817143623783
Cc1cc(c(c(c1)Cl)C(=O)Nc2cc(ncc2F)NC(=O)C3CC3C(=O)N)Cl,7.396509952061278
Cc1cc(c(c(c1)Cl)C(=O)Nc2cc(ncc2F)Nc3ccncc3)Cl,7.3516581968980095
CC(=O)NCC1CC1C(=O)Nc2cc(c(cn2)F)NC(=O)c3cccc(c3F)F,6.467412851940924
c1cc(c(c(c1)Br)C(=O)Nc2ccnc(c2)Nc3ccc(cn3)CO)Cl,7.747089491442916
c1cc(c(cc1N)C(=O)Nc2cc(ncc2F)Nc3cc([nH]n3)C4CC4)Cl,10.871820168540124
c1cc(c(c(c1)N)Cl)C(=O)Nc2ccnc(c2)Nc3cnn(c3)C4CCOCC4,8.420917031903576
CNC(=O)Nc1cc(c(cn1)F)NC(=O)c2c(cc(cc2Cl)C=O)Cl,7.477978960463308
Cc1ccc(cc1C(=O)Nc2cc(ncc2F)NC(=O)C3CC3(C)C)OC,6.993369762097684
c1cc(c(cc1N)C(=O)Nc2ccnc(c2)Nc3cc(ccn3)CO)Cl,7.7660113256524195
c1ccc(c(c1)C(=O)Nc2cc(ncc2F)NC(=O)C3CC3CO)Cl,8.820728380663644
Cc1cccc(c1C(=O)Nc2ccnc(c2)NC(=O)C3CCC3)OC,6.045000423430615
c1ccc(cc1)C(=O)Nc2ccnc(c2)NC(=O)C3CC3C#N,5.91903006420253
c1ccc(cc1)Nc2cc(ccn2)NC(=O)c3cccc(c3Cl)O,7.048733647377344
Cc1cc(c(c(c1)Cl)C(=O)Nc2cc(ncc2F)Nc3cnccn3)Cl,5.693019266700125
c1cc(c(cc1F)C(=O)Nc2ccnc(c2)NC(=O)CC3CC3)Cl,8.72086314455793
c1ccnc(c1)C(=O)Nc2ccnc(c2)NC(=O)NC3CC(C3)O,7.153679746372646
COc1nccc(n1)Nc2cc(ccn2)NC(=O)c3ccc(cc3)N,7.67297897412236
CC1CC1C(=O)Nc2cc(c(cn2)F)NC(=O)c3cc(ccc3F)N,8.640270146998933
Cc1ccc(c(c1)C(=O)Nc2cc(ncc2F)NC(=O)NCc3ccccc3)Cl,8.677413006743514
c1ccc(cc1)CC(=O)Nc2cc(ccn2)NC(=O)c3ccc(cc3Cl)N,6.860391316125339
CCC(=O)Nc1cc(ccn1)NC(=O)c2cccc(c2OC)Cl,7.972399480270895
Cc1cccc(c1C(=O)Nc2cc(ncc2F)NC(=O)C3CC3(F)F)Cl,8.435984418403736
c1cc(c(c(c1)Cl)C(=O)Nc2ccnc(c2)NC(=O)C3CC3C(=O)N)F,9.01152354227614
Cc1ccc(cc1C(=O)Nc2ccnc(c2)NC(=O)C3CC3Cl)F,8.56458281016092
c1cc(c(c(c1)O)Cl)C(=O)Nc2cc(ncc2F)NC(=O)C3CC3F,8.560027553777148
CC(=O)c1cc(c(c(c1)Cl)C(=O)Nc2cc(ncc2F)Nc3cccc(n3)N)Cl,5.441954559086987
Cc1c(cccc1O)C(=O)Nc2ccnc(c2)NC(=O)C3(CC3)C,5.765903368840434
CC(=O)Nc1cc(c(c(c1)Cl)C(=O)Nc2ccnc(c2)NC(=O)C3CCOC3)Cl,6.304124430799652
c1cc(c(cc1Cl)Cl)C(=O)Nc2cc(ncc2F)Nc3cc(nc(n3)N)C4CC4,9.450755378972676
c1ccc(cc1)C(=O)Nc2cc(ncc2F)NC(=O)C3CC(C3)O,6.689919606071199
c1ccc(c(c1)C(=O)Nc2cc(ncc2F)NC(=O)C3CC3CO)N,6.056213362221432
Cc1ccc(cc1C(=O)Nc2cc(ncc2F)NC(=O)C3CC3)Cl,8.650607074946718
Cc1cccc(n1)Nc2cc(ccn2)NC(=O)c3ccc(cc3F)F,7.052412892918081
Cc1cnc(cn1)Nc2cc(ccn2)NC(=O)c3ccccc3Cl,6.83568781035182
CC(C)C(=O)Nc1cc(c(cn1)F)NC(=O)c2c(cc(cc2Cl)OC)Cl,6.021873737174554
Cc1cc(nc(n1)N(C)C)Nc2cc(ccn2)NC(=O)c3cccc(c3F)Cl,9.104380691637592
Cc1ccc(c(c1)C(=O)Nc2cc(ncc2F)Nc3ccccn3)Cl,8.685121902162201
CC(=O)Nc1cc(c(c(c1)Cl)C(=O)Nc2ccnc(c2)NC(=O)NC3CCC3)Cl,8.44789816586898
COc1cc(ccc1C(=O)Nc2ccnc(c2)Nc3ccccc3)F,6.491415549040018
Cc1ccccc1C(=O)Nc2cc(ncc2F)NC(=O)C3CC(C3)O,8.096617817812914
Cc1cc(nc(n1)NC)Nc2cc(ccn2)NC(=O)c3ccc(cc3Cl)N,8.587709496416979
CCc1nc(cc(n1)Nc2cc(ccn2)NC(=O)c3ccccc3Cl)C,8.90797906062969
c1cc(ccc1C(=O)Nc2ccnc(c2)NC(=O)CCO)F,5.3636391897198745
c1ccc(cc1)OC(=O)Nc2cc(ccn2)NC(=O)c3cc(ccc3Cl)N,8.934609790257879
c1cc(nc(c1)Nc2cc(ccn2)NC(=O)c3cc(ccc3N)Cl)CO,6.22370663540926
c1ccnc(c1)NC(=O)Nc2cc(ccn2)NC(=O)c3c(cccc3Br)F,9.171483122213887
c1cc(ccc1C(=O)Nc2ccnc(c2)NC(=O)C3CC3F)F,6.707439822931851
Cc1cccc(c1C)C(=O)Nc2ccnc(c2)NC(=O)Nc3cccnc3,6.98355844065572
Cc1cnc(nc1)Nc2cc(ccn2)NC(=O)c3cccc(c3)Cl,6.323747073683582
c1cc(c(c(c1)Cl)C(=O)Nc2ccnc(c2)Nc3c(cc(cn3)F)F)N,5.391846738865524
CC(C)C(=O)Nc1cc(ccn1)NC(=O)c2cccc(c2F)N,6.62754763404728
c1cc(c(c(c1)Cl)N)C(=O)Nc2ccnc(c2)Nc3cccc(n3)N,4.867116243889009
COc1ccc(cc1)C(=O)Nc2ccnc(c2)NC(=O)NC3CCC3,6.822022041200513
Cc1nccc(n1)Nc2cc(ccn2)NC(=O)c3c(cccc3Cl)Cl,9.313046474447956
COc1ccc(c(c1)F)C(=O)Nc2ccnc(c2)NC(=O)C3CC3C#N,8.481712184410037
c1cc(c(cc1O)C(=O)Nc2cc(ncc2F)Nc3cc(ccn3)CO)Cl,9.931334927460348
c1cc(cc(c1)F)C(=O)Nc2cc(ncc2F)NC(=O)C3CC3,7.655984363767527
CC(C)NC(=O)Nc1cc(ccn1)NC(=O)c2ccc(cc2Cl)F,7.615337460650816
Cc1ccc(c(c1)C)C(=O)Nc2ccnc(c2)NC(=O)C3CC3,4.07257440925846
c1cnc(cc1CO)Nc2cc(ccn2)NC(=O)c3c(cc(cc3F)F)F,7.9683698303929456
c1cc(c(cc1Cl)C(=O)Nc2cc(ncc2F)NC(=O)C3CC3)F,8.064380618789315
Cc1cncc(n1)Nc2cc(ccn2)NC(=O)c3c(cc(cc3Cl)CO)Cl,6.715849527024964
COc1c(cccc1Cl)C(=O)Nc2cc(ncc2F)NC(=O)C3CC3Cl,8.110108384795616
Cc1cc(ccc1C(=O)Nc2cc(ncc2F)NC(=O)C3CC3CO)OC,6.923288894655078
CC1CC1C(=O)Nc2cc(c(cn2)F)NC(=O)c3c(cccc3Br)Cl,7.477102949620275
CSCC(=O)Nc1cc(c(cn1)F)NC(=O)c2ccc(cc2)Cl,6.117709323402319
c1cc(c(c(c1)Cl)C(=O)Nc2cc(ncc2F)Nc3ccncc3)F,10.154892894602265
Cc1cccc(n1)Nc2cc(ccn2)NC(=O)c3ccccc3OC,5.868221435306641
Cc1cncc(n1)Nc2cc(c(cn2)F)NC(=O)c3cc(ccc3Cl)N,7.816644752379703
c1cc(c(cc1Cl)C(=O)Nc2ccnc(c2)NC(=O)NC3CC3)F,8.563181192812067
Cc1c(ccc(n1)Nc2cc(ccn2)NC(=O)c3cc(ccc3Cl)Cl)NC(=O)C,8.073140727219641
c1cc(c(cc1F)Cl)C(=O)Nc2ccnc(c2)NC(=O)C(CO)CO,7.017722863533991
Cc1ccc(cc1)C(=O)Nc2cc(ncc2F)NC(=O)C3CCC3,5.20946128134614
COc1cccc(c1C(=O)Nc2ccnc(c2)NC(=O)C3CC(=O)C3)Cl,7.257749834524917
CC(Cn1cc(cn1)Nc2cc(ccn2)NC(=O)c3cccc(c3N)Cl)O,5.935849472388755
Cc1cccc(c1C(=O)Nc2ccnc(c2)NC(=O)NCc3ccccc3)Cl,7.81874717840298
CNC(=O)c1cccc(n1)Nc2cc(ccn2)NC(=O)c3cc(ccc3Cl)O,8.320701391460648
CC1CC1C(=O)Nc2cc(c(cn2)F)NC(=O)c3ccc(cc3)O,7.0690570989357
Cc1ccnc(c1)Nc2cc(ccn2)NC(=O)c3ccccn3,6.483356249284117
Cc1cc(nc(n1)C2CC2)Nc3cc(ccn3)NC(=O)c4cccc(c4F)N,8.761510047674642
c1cc(ccc1C(=O)Nc2cc(ncc2F)NC(=O)C3CC3Cl)Cl,6.205310407705577
Cc1cccc(c1C(=O)Nc2ccnc(c2)NC(=O)NC(C)C)OC,6.415728212202002
COc1ccc(cc1)C(=O)Nc2cc(ncc2F)NC(=O)C3CC(C3)O,6.394879154137827
Cc1cccc(n1)Nc2cc(ccn2)NC(=O)c3c(cccc3Cl)Cl,8.831941319454462
c1ccc(cc1)CC(=O)Nc2cc(ccn2)NC(=O)c3cc(ccc3F)Cl,6.826226893247068
Cc1cc(c(c(c1)Cl)C(=O)Nc2cc(ncc2F)Nc3ncc(cn3)C)Cl,5.428463992104286
Cc1ccc(c(c1)OC)C(=O)Nc2cc(ncc2F)NC(=O)C3CCC3,9.09754780706194
c1cc(c(cc1F)Cl)C(=O)Nc2ccnc(c2)NC(=O)C3CCCO3,7.243908863205002
CC(=O)Nc1cc(c(c(c1)Cl)C(=O)Nc2cc(ncc2F)NC(=O)OC)Cl,7.019474885220055
CC1CC1C(=O)Nc2cc(ccn2)NC(=O)c3c(cccc3Cl)OC,7.779501892635121
c1cnc(cc1NC(=O)c2c(cc(cc2Cl)N)Cl)NC(=O)C3CC(C3)O,7.992547729660645
Cc1cc(ccc1C(=O)Nc2ccnc(c2)Nc3cc(nc(n3)N)C(C)C)Cl,6.521024715534519
CC(C)c1cc(nc(n1)NC)Nc2cc(ccn2)NC(=O)c3c(cccc3Cl)N,6.897358973701313
c1cc(c(cc1F)C(=O)Nc2cc(ncc2F)NC(=O)CO)Cl,10.03084975922885
COC(=O)c1cccc(n1)Nc2cc(c(cn2)F)NC(=O)c3cc(ccc3Cl)F,9.517507405211758
Cc1c(cccc1Cl)C(=O)Nc2ccnc(c2)NC(=O)NC(C)C,7.17610562395428
Cc1cc(n(n1)C)Nc2cc(c(cn2)F)NC(=O)c3c(cccc3Cl)Cl,8.83754778884987
Cc1nccc(n1)Nc2cc(c(cn2)F)NC(=O)c3cc(ccc3Cl)F,9.499111177508071
Cc1ccc(c(c1)N)C(=O)Nc2ccnc(c2)NC(=O)C3CC3(F)F,3.8045150912904906
COc1ccc(c(c1)Cl)C(=O)Nc2ccnc(c2)NC(=O)C3COC3,6.945539570068107
c1cc(c(c(c1)Cl)F)C(=O)Nc2cc(ncc2F)NC(=O)C3CC3C(=O)N,6.4852834731387885
Cc1cccc(c1)Nc2cc(ccn2)NC(=O)c3ccc(cc3)N,5.714919537775939
Cc1ccc(nc1)Nc2cc(ccn2)NC(=O)c3c(cc(cc3Cl)N)Cl,7.417359010125453
c1cc(c(cc1F)Cl)C(=O)Nc2ccnc(c2)NC(=O)C(F)F,7.644245818470891
Cc1ccnc(c1)Nc2cc(c(cn2)F)NC(=O)c3cccc(c3F)Cl,7.476927747451669
Cc1cc(ccc1C(=O)Nc2ccnc(c2)NC(=O)C3CC3C#N)Cl,5.044245636350197
COc1cccc(c1C(=O)Nc2cc(ncc2F)NC(=O)C3CC3CO)Cl,7.896011334758454
Cc1cccc(c1)Nc2cc(ccn2)NC(=O)c3cc(ccc3C)N,6.569030109732704
c1cc(nc(c1)Nc2cc(ccn2)NC(=O)c3cc(ccc3Cl)O)C(F)(F)F,8.681968263127285
COc1c(cccc1Cl)C(=O)Nc2ccnc(c2)Nc3cccc(n3)CO,7.826806478158881
c1cc(c(cc1N)C(=O)Nc2ccnc(c2)Nc3ccc(cn3)CO)Cl,7.408774103863734
Cc1cc(ccc1C(=O)Nc2ccnc(c2)NC(=O)C3CCCCC3)F,5.470862916907063
Cc1c(cccc1Cl)C(=O)Nc2cc(ncc2F)NC(=O)Nc3ccccn3,7.972224278102288
Cc1ccc(cc1C(=O)Nc2cc(ncc2F)NC(=O)C3CC3)OC,7.791240437931758
CC(C)NC(=O)Nc1cc(c(cn1)F)NC(=O)c2ccccc2Cl,9.658895555277216
c1ccc(cc1)CC(=O)Nc2cc(ccn2)NC(=O)c3ccc(cc3F)Cl,5.804272643765262
Cc1c(cccc1Cl)C(=O)Nc2cc(ncc2F)Nc3ncccn3,6.603544936948188
COc1ccc(cc1C(=O)Nc2ccnc(c2)Nc3cc(ccn3)CO)Cl,5.917278042516465
COc1ccnc(c1)Nc2cc(ccn2)NC(=O)c3c(cccc3Cl)Cl,8.367480370478589
CC(=O)Nc1cc(c(c(c1)Cl)C(=O)Nc2ccnc(c2)NC(=O)C)Cl,7.743410245902178
CC(=O)N(C)c1ccc(nc1)Nc2cc(c(cn2)F)NC(=O)c3cc(ccc3Cl)F,8.945822729048697
COc1ccc(c(c1)Cl)C(=O)Nc2cc(ncc2F)NC(=O)C3CC(C3)O,8.536200058846664
Cc1ccc(cc1C(=O)Nc2cc(ncc2F)NC(=O)Nc3ccccn3)Cl,8.581227016178538
c1cnc(nc1)Nc2cc(c(cn2)F)NC(=O)c3c(ccc(c3Cl)F)F,7.170323952390266
COCC(=O)Nc1cc(c(cn1)F)NC(=O)c2cccc(c2OC)Cl,8.107129947929305
c1cc([nH]c(=O)c1)Nc2cc(ccn2)NC(=O)c3cc(ccc3N)Cl,6.072156759564625
Cc1c(cccc1F)C(=O)Nc2ccnc(c2)NC(=O)CSC(F)F,7.43610564216635
Cc1cc(nc(n1)NCC2CC2)Nc3cc(ccn3)NC(=O)c4cc(ccc4Cl)N,9.715836260074331
c1cc(cnc1)NC(=O)Nc2cc(c(cn2)F)NC(=O)c3ccc(cc3Cl)O,10.03628102645565
c1cc(nc(c1)Nc2cc(c(cn2)F)NC(=O)c3c(cc(cc3Cl)C=O)Cl)N,6.028181015244389
Cc1ccc(c(c1)OC)C(=O)Nc2cc(ncc2F)NC(=O)C3CC3C#N,4.256711888463908
c1cc(ccc1C(=O)Nc2ccnc(c2)NC(=O)C3CCCC3)O,5.352601453097664
c1ccc(c(c1)C(=O)Nc2ccnc(c2)Nc3ccc(cn3)C(=O)N)F,8.145849627191346
Cc1cccc(c1C(=O)Nc2cc(ncc2F)Nc3cc(ccn3)OC)Cl,7.341671673287438
COc1ccc(c(c1)Cl)C(=O)Nc2ccnc(c2)Nc3ccccc3,6.132776709902479
CC(=O)NCC1CC1C(=O)Nc2cc(c(cn2)F)NC(=O)c3cccc(c3)F,6.351429016323411
c1cnc(nc1)Nc2cc(c(cn2)F)NC(=O)c3cc(ccc3Cl)F,8.64903025542926
c1cc(c(cc1O)F)C(=O)Nc2ccnc(c2)NC(=O)C3CC3F,8.389205439385796
c1cc(cc(c1)F)C(=O)Nc2cc(ncc2F)NC(=O)C3CC3CO,7.402642027962505
Cc1cccc(c1N)C(=O)Nc2ccnc(c2)NC(=O)NC(C)C,4.69506771431741
c1cc(c(c(c1)Cl)N)C(=O)Nc2ccnc(c2)NC(=O)CCO,5.978248397191532
c1cc(c(cc1Cl)C(=O)Nc2ccnc(c2)NC(=O)C3CC(=O)C3)F,7.966793010875487
Cc1cc(nc(c1)Nc2cc(ccn2)NC(=O)c3cc(ccc3OC)Cl)C,4.996065039983405
c1ccc(c(c1)C(=O)Nc2ccnc(c2)Nc3ccnc(n3)CO)F,8.466294393572664
c1cc(c(c(c1)Cl)F)C(=O)Nc2cc(ncc2F)NC(=O)CC#N,7.25056654561205
COC(=O)c1cncc(n1)Nc2cc(ccn2)NC(=O)c3cc(ccc3Cl)F,7.812790304670359
Cc1cc(ccc1C(=O)Nc2ccnc(c2)NC(=O)CC3CC3)O,6.756146025804462
Cc1c(cccc1O)C(=O)Nc2ccnc(c2)NC(=O)C3CC(C3)O,7.379164937369232
c1cc(c(cc1Cl)Cl)C(=O)Nc2ccnc(c2)Nc3ccnc(n3)CO,7.426469522892992
COc1cccc(c1C(=O)Nc2cc(ncc2F)Nc3cccnn3)Cl,8.054744499515957
c1cc(c(c(c1)F)N)C(=O)Nc2cc(ncc2F)NC(=O)C3COC3,6.202507173007873
COc1ccc(cc1C(=O)Nc2cc(ncc2F)NC(=O)C3COC3)Cl,9.20564754509216
CN(C)c1nccc(n1)Nc2cc(ccn2)NC(=O)c3c(cccc3Cl)Cl,9.586712261811332
COc1ccc(cc1C(=O)Nc2ccnc(c2)NC(=O)C3CC3Cl)F,7.550863062603618
c1cc(c(cc1O)C(=O)Nc2cc(ncc2F)NC(=O)C3CCC3)Cl,9.434811981629483
Cc1cnc(nc1)Nc2cc(ccn2)NC(=O)c3c(cccc3Cl)F,8.050014040963582
Cc1ccc(cc1C(=O)Nc2ccnc(c2)NC(=O)C3CC3Cl)Cl,8.379043713606618
CC1CC1C(=O)Nc2cc(c(cn2)F)NC(=O)c3c(cc(cc3F)F)F,7.694353638692355
CCNC(=O)Nc1cc(ccn1)NC(=O)c2cccc(c2N)C,5.152870980886236
COc1ccc(cc1C(=O)Nc2cc(ncc2F)NC(=O)C3CC3(F)F)Cl,9.167278270167332
CC(=O)Nc1cc(c(cn1)F)NC(=O)c2c(cc(cc2Cl)C=C)Cl,6.992318549086045
c1cc(c(c(c1)N)Cl)C(=O)Nc2cc(ncc2F)NC(=O)C3CC3Cl,9.284313318796483
c1cc(c(cc1F)C(=O)Nc2cc(ncc2F)NC(=O)C3CC3F)N,6.9259169271841765
Cc1cc(ncn1)Nc2cc(ccn2)NC(=O)c3c(cccc3Cl)C(F)(F)F,6.904542262614181
c1cc(ccc1C(=O)Nc2cc(ncc2F)NC(=O)C3CC3(F)F)Cl,6.10159072389052
c1cc(cc(c1)N)C(=O)Nc2ccnc(c2)NC(=O)C3CC3F,7.81068787864708
CN(C)C(=O)c1cncc(n1)Nc2cc(c(cn2)F)NC(=O)c3ccccc3Cl,9.014677181311058
c1ccc(cc1)CC(=O)Nc2cc(c(cn2)F)NC(=O)c3ccc(cc3F)Cl,7.1387875620410925
CC1CC1C(=O)Nc2cc(ccn2)NC(=O)c3cc(ccc3OC)Cl,6.6657417068035
c1cc(c(cc1Cl)N)C(=O)Nc2ccnc(c2)NC(=O)NC3CCC3,5.409542157894782
CC(C)CC(=O)Nc1cc(ccn1)NC(=O)c2cc(ccc2Cl)F,7.59851805246459
c1cc(c(cc1F)C(=O)Nc2ccnc(c2)NC(=O)NC3CC3)Cl,8.406200049740628
c1cc(cnc1)NC(=O)Nc2cc(c(cn2)F)NC(=O)c3ccc(cc3Cl)F,9.32022976336082
c1cc(c(cc1O)F)C(=O)Nc2ccnc(c2)NC(=O)C3CCCO3,6.996698603301209
Cc1c(cccc1OC)C(=O)Nc2cc(ncc2F)NC(=O)C3CC3Cl,7.0287606001562
Cc1cncc(n1)Nc2cc(ccn2)NC(=O)c3cccc(c3Cl)O,6.737224191594959
CCc1nc(cc(n1)Nc2cc(ccn2)NC(=O)c3c(cccc3Cl)N)C,6.825000478066823
c1cc(cc(c1)N)C(=O)Nc2cc(ncc2F)NC(=O)C3COC3,6.310256506700879
CC1CC1C(=O)Nc2cc(c(cn2)F)NC(=O)c3cccc(c3F)OC,7.237426382966561
Cc1ccc(cc1C(=O)Nc2cc(ncc2F)NC(=O)C3CC3F)Cl,8.277601657983444
c1cnc(cc1NC(=O)c2c(cc(cc2Cl)N)Cl)NC(=O)CO,8.08330245299882
COc1cc(ccc1C(=O)Nc2ccnc(c2)NC(=O)CF)F,6.129447868698955
COc1ccc(cc1)C(=O)Nc2ccnc(c2)Nc3cc(nc(n3)N)C4CC4,7.342722886299077
CC(C)NC(=O)Nc1cc(ccn1)NC(=O)c2cccc(c2)OC,6.94028350500991
CC1CC1C(=O)Nc2cc(c(cn2)F)NC(=O)c3cccc(c3F)F,7.385472215439067
c1cc(c(c(c1)Br)C(=O)Nc2ccnc(c2)Nc3ccc(cn3)C(=O)N)Cl,8.252898152209927
COCCCNC(=O)Nc1cc(ccn1)NC(=O)c2ccc(cc2Cl)OC,8.506415690183555
c1cc(c(c(c1)Cl)N)C(=O)Nc2cc(ncc2F)NC(=O)C3CC3CO,6.350027398974559
c1ccc2c(c1)ccc(n2)Nc3cc(c(cn3)F)NC(=O)c4c(cccc4Cl)N,8.425121883950132
c1cc(c(cc1F)C(=O)Nc2ccnc(c2)NC(=O)C(F)F)N,6.352830633672263
c1cc(c(c(c1)Cl)C(=O)Nc2ccnc(c2)NC(=O)C3CC3)C(F)(F)F,7.009137957272271
CNC(=O)Nc1cc(c(cn1)F)NC(=O)c2cccc(c2)Cl,8.048787625783335
c1cc(c(cc1N)F)C(=O)Nc2ccnc(c2)NC(=O)C3CC3CO,7.855014027304529
c1cc(c(cc1Cl)F)C(=O)Nc2cc(ncc2F)Nc3cc(nc(n3)N)C4CC4,8.463841563212172
COc1cccc(n1)Nc2cc(c(cn2)F)NC(=O)c3ccccc3Cl,8.806361802837909
Cc1ccc(c(c1)C(=O)Nc2ccnc(c2)Nc3cnc(cn3)N(C)C)Cl,7.550863062603618
Cc1cncc(n1)Nc2cc(ccn2)NC(=O)c3c(ccc(c3Cl)F)F,7.766712134326846
Cc1cccc(c1C(=O)Nc2cc(ncc2F)NC(=O)C3CCOC3)Cl,7.313989730647608
Cc1cncc(n1)Nc2cc(c(cn2)F)NC(=O)c3ccc(cc3Cl)Cl,7.349555770874732
Cc1cc(nc(n1)CO)Nc2cc(ccn2)NC(=O)c3cc(ccc3Cl)Cl,9.03570144154384
COc1nccc(n1)Nc2cc(c(cn2)F)NC(=O)c3cccc(c3)Cl,8.84858552547208
Cc1c(cccc1F)C(=O)Nc2cc(ncc2F)NC(=O)C3CC(=O)C3,7.334838788711783
CCNC(=O)Nc1cc(ccn1)NC(=O)c2ccc(cc2C)Cl,6.542924986610332
COc1cc(c(c(c1)Cl)C(=O)Nc2cc(ncc2F)Nc3ccccn3)Cl,6.225809061432539
CN(C)c1cnc(cn1)Nc2cc(c(cn2)F)NC(=O)c3cc(ccc3Cl)Cl,8.146375233697166
c1ccc(c(c1)C(=O)Nc2cc(ncc2F)NC(=O)C3CC3F)Cl,9.93676619468715
c1cc(c(c(c1)N)F)C(=O)Nc2cc(ncc2F)NC(=O)C3CCCC3,6.093881828471832
Cc1ccc(cc1C(=O)Nc2cc(ncc2F)NC(=O)C3CCOC3)Cl,7.850283568752154
c1cc(c(c(c1)O)F)C(=O)Nc2cc(ncc2F)NC(=O)C3COC3,6.910499136346803
c1cc(cc(c1)F)C(=O)Nc2ccnc(c2)Nc3cncc(n3)CO,6.520148704691485
c1ccc(cc1)CC(=O)Nc2cc(c(cn2)F)NC(=O)c3cccc(c3N)Cl,6.134528731588544
COc1ccc(c(c1)Cl)C(=O)Nc2ccnc(c2)NC(=O)C3CC(C3)O,7.170148750221659
c1cc(c(c(c1)Cl)C(=O)Nc2ccnc(c2)Nc3ccncc3)C(F)(F)F,8.102749893714142
c1ccc(cc1)Nc2cc(ccn2)NC(=O)c3cccc(c3F)F,7.816644752379703
Cc1cccc(c1F)C(=O)Nc2ccnc(c2)NC(=O)C3CC3,7.620593525709011
c1cc(c(cc1N)Cl)C(=O)Nc2ccnc(c2)NC(=O)C3CCCC3,6.648747096448668
c1cc(c(cc1Cl)N)C(=O)Nc2cc(ncc2F)NC(=O)C3CC3,5.736294202345934
Cc1ccc(c(c1)C)C(=O)Nc2ccnc(c2)NC(=O)C3CC(C3)O,6.1942726710833655
c1ccc(c(c1)C(=O)Nc2ccnc(c2)Nc3cnccn3)Cl,7.376712107008742
c1ccc(c(c1)C(=O)Nc2ccnc(c2)NC(=O)C3CC(=O)C3)Cl,8.620121897609184
c1ccc(cc1)C(=O)Nc2ccnc(c2)Nc3cccnn3,8.003235061945642
c1ccc(c(c1)C(=O)Nc2cc(ncc2F)NC(=O)C3CC(C3)O)N,6.223181028903441
Cc1cccc(c1C(=O)Nc2cc(ncc2F)Nc3c(cc(cn3)F)F)Cl,7.318895391368591
Cc1c(cccc1N)C(=O)Nc2ccnc(c2)Nc3ccncc3,7.446617772282742
c1cc(c(c(c1)Cl)C(=O)Nc2ccnc(c2)NC(=O)C3CC3C#N)F,7.687345551948093
c1cc(c(cc1N)C(=O)Nc2cc(ncc2F)NC(=O)C3CCC3)F,7.640566572930155
CC1CC1C(=O)Nc2cc(c(cn2)F)NC(=O)c3cc(ccc3F)OC,7.8770895005489505
COc1ccc(c(c1)Cl)C(=O)Nc2ccnc(c2)NC(=O)C3CCC3,6.851105601189194
c1cc(nnc1)Nc2cc(ccn2)NC(=O)c3c(cc(cc3Cl)N)Cl,8.89886854786215
c1cc(c(cc1Cl)N)C(=O)Nc2cc(ncc2F)NC(=O)C3CCCCC3,5.871199872172951
CC(=O)NCC1CC1C(=O)Nc2cc(c(cn2)F)NC(=O)c3c(cccc3F)OC,6.8136123371074
CC(=O)Nc1cc(c(c(c1)Cl)C(=O)Nc2cc(ncc2F)NC(=O)NC3CC3)Cl,7.035067878226035
c1cnccc1Nc2cc(c(cn2)F)NC(=O)c3c(cc(cc3Cl)N)Cl,8.567561247027228
Cc1cccc(c1C(=O)Nc2ccnc(c2)NC(=O)C3CC3C)N,4.142830478869672
Cc1cccc(c1C(=O)Nc2ccnc(c2)NC(=O)C3CC3(C)C)N,3.543463860066782
CC(C)C(=O)Nc1cc(c(cn1)F)NC(=O)c2c(cc(cc2Cl)C(C)O)Cl,4.520916758722533
Cc1cc(nc(n1)N)Nc2cc(ccn2)NC(=O)c3c(cc(cc3Cl)OC)Cl,8.01532401157949
COc1cccc(c1F)C(=O)Nc2ccnc(c2)Nc3cc(ccn3)CO,6.666092111140713
c1cc(c(c(c1)O)Cl)C(=O)Nc2ccnc(c2)Nc3cnn(c3)C4CCOCC4,8.958086880851152
c1cnc(cc1NC(=O)c2c(cc(cc2Cl)N)Cl)NC(=O)C3CCCO3,7.155256565890105
Cc1nccc(n1)Nc2cc(ccn2)NC(=O)c3cccc(c3)F,7.941914302933361
CC(C)C(=O)Nc1cc(ccn1)NC(=O)c2cccc(c2F)F,6.591455987314338
Cc1cc(ncn1)Nc2cc(ccn2)NC(=O)c3ccc(cc3Cl)O,9.157992555231187
c1cc(cc(c1)Cl)C(=O)Nc2ccnc(c2)NC(=O)NC3CCC3,7.27772288174606
COc1cc(cc(c1C(=O)Nc2cc(ncc2F)Nc3ccncc3)Cl)Cl,6.212493696618443
c1ccc(cc1)Nc2cc(c(cn2)F)NC(=O)c3cc(ccc3Cl)N,9.938167812036005
Cc1ccc(c(c1)C)C(=O)Nc2cc(ncc2F)NC(=O)C3COC3,6.6119546410413
c1ccc(cc1)C(=O)Nc2ccnc(c2)Nc3c[nH]nc3,7.53316764357436
COc1ccc(cc1C(=O)Nc2ccnc(c2)NC(=O)C3CC3CO)F,6.4777497798887085
c1cc(ccc1C(=O)Nc2ccnc(c2)NC(=O)C3CC(=O)C3)F,6.5672780880466375
COCC(=O)Nc1cc(ccn1)NC(=O)c2c(cccc2Cl)OC,6.923464096823684
Cc1ccc(c(c1)C(=O)Nc2ccnc(c2)NC(=O)C3CC3F)C,6.3382888536779225
c1cc(c(cc1Cl)N)C(=O)Nc2cc(ncc2F)Nc3cc(ccn3)CO,5.553558340489338
COc1ccc(cc1C(=O)Nc2ccnc(c2)NC(=O)CCO)Cl,5.727534093915609
CCc1nc(cc(n1)Nc2cc(c(cn2)F)NC(=O)c3ccccc3Cl)C,9.2363079245983
Cc1cccc(c1C(=O)Nc2cc(ncc2F)NC(=O)C3COC3)N,4.768127018626328
Cc1ccc(cc1C(=O)Nc2ccnc(c2)NC(=O)C3CC3(F)F)OC,5.226455891700973
c1cc(ccc1C(=O)Nc2ccnc(c2)Nc3cnccn3)N,5.571078557349989
Cc1cc(ccc1C(=O)Nc2cc(ncc2F)NC(=O)C3CCC3)F,6.883868406718612
c1ccc(cc1)CNC(=O)Nc2cc(ccn2)NC(=O)c3c(cc(cc3Cl)N)Cl,8.706671768900803
Cc1ccccc1C(=O)Nc2ccnc(c2)NC(=O)Oc3ccccc3,7.971698671596469
Cc1ccnc(n1)Nc2cc(ccn2)NC(=O)c3cc(ccc3Cl)Cl,6.556941160098853
Cc1ccnc(n1)Nc2cc(ccn2)NC(=O)c3cc(ccc3Cl)OC,6.316914189107927
c1cc(c(c(c1)Cl)C(=O)Nc2cc(ncc2F)NC(=O)C3CCOC3)F,8.862952103297815
COc1cccc(n1)Nc2cc(ccn2)NC(=O)c3cc(ccc3F)F,7.740957415541688
c1cc(c(cc1Cl)F)C(=O)Nc2ccnc(c2)NC(=O)CO,6.514542235296077
c1cc(nc(c1)Nc2cc(c(cn2)F)NC(=O)c3c(cccc3Cl)Cl)CO,9.42692788404219
c1ccc(cc1)CNC(=O)Nc2cc(ccn2)NC(=O)c3cccc(c3F)Cl,8.353989803495887
COc1ccc(c(c1)C(=O)Nc2cc(ncc2F)NC(=O)C3CC3Cl)Cl,8.352412983978429
CC(C)OC(=O)Nc1cc(c(cn1)F)NC(=O)c2c(cc(cc2Cl)CF)Cl,6.30114599393334
c1ccc(c(c1)C(=O)Nc2ccnc(c2)NC(=O)C3COC3)F,7.8891784501828
CC1CC1C(=O)Nc2cc(ccn2)NC(=O)c3cc(ccc3F)OC,7.706792992663417
COc1c(cccc1F)C(=O)Nc2cc(ncc2F)NC(=O)C3CCCO3,10.329219052365746
c1cc(c(c(c1)Br)C(=O)Nc2ccnc(c2)NC(=O)C3CCCO3)Cl,8.065256629632348
Cc1cc(on1)Nc2cc(ccn2)NC(=O)c3cc(ccc3N)Cl,6.624919601518183
c1ccc(cc1)CNC(=O)Nc2cc(ccn2)NC(=O)c3cccc(c3N)Cl,5.796914152683788
c1cc(c(c(c1)O)Cl)C(=O)Nc2ccnc(c2)NC(=O)C3CCC3,7.387749843630952
Cc1c(cccc1O)C(=O)Nc2ccnc(c2)Nc3ccccn3,6.27907052068892
c1cc(c(cc1O)Cl)C(=O)Nc2ccnc(c2)Nc3ncco3,8.707372577575228
Cc1cc(nc(n1)C(C)C)Nc2cc(ccn2)NC(=O)c3ccccc3Cl,9.773652975714484
Cc1nc(cc(n1)Nc2cc(ccn2)NC(=O)c3c(cc(cc3Cl)OC)Cl)CO,8.989973675537538
Cc1cccc(c1C(=O)Nc2cc(ncc2F)NC(=O)C3(CC3)C)F,6.9627093825915445
Cc1ccc(c(c1)F)C(=O)Nc2ccnc(c2)Nc3ccccc3,5.412870999098306
c1cc(c(cc1Cl)Cl)C(=O)Nc2ccnc(c2)Nc3cc(nc(n3)N)C4CC4,7.947170367991557
CC(C)OC(=O)Nc1cc(ccn1)NC(=O)c2c(cc(cc2Cl)C(=O)C)Cl,6.5378441237207445
CNC(=O)Nc1cc(c(cn1)F)NC(=O)c2c(cccc2Cl)OC,8.952305209287138
CCC(=O)Nc1cc(c(cn1)F)NC(=O)c2ccc(cc2Cl)F,7.015445235342106
COCC(=O)Nc1cc(ccn1)NC(=O)c2ccc(cc2F)Cl,5.759946495107814
c1cnc(cc1NC(=O)c2c(cc(cc2Cl)CO)Cl)NC(=O)CCO,7.307857654746381
CC1CC1C(=O)Nc2cc(ccn2)NC(=O)c3c(cccc3Br)F,8.488194664648478
Cc1ccc(c(c1)Cl)C(=O)Nc2cc(ncc2F)NC(=O)C,4.421051522616819
CCc1nc(cc(n1)Nc2cc(ccn2)NC(=O)c3c(cc(cc3Cl)CO)Cl)C,8.295121874844098
c1cnc(cc1CO)Nc2cc(c(cn2)F)NC(=O)c3c(cc(cc3Cl)CF)Cl,5.901334645173272
Cc1cc(ccc1C(=O)Nc2ccnc(c2)NC(=O)C3CCOC3)N,5.486981516418862
c1cc(c(c(c1)F)C(=O)Nc2cc(ncc2F)NC(=O)C3CC(=O)C3)F,8.440539674787505
CN(C)c1cncc(n1)Nc2cc(ccn2)NC(=O)c3ccc(cc3Cl)N,7.623571962575322
COc1cccc(c1F)C(=O)Nc2ccnc(c2)NC(=O)C3CC(C3)O,7.45572828505028
c1ccc(cc1)CNC(=O)Nc2cc(ccn2)NC(=O)c3c(cccc3Cl)F,9.680095017678603
CN(C)C(=O)c1cccc(n1)Nc2cc(ccn2)NC(=O)c3ccc(cc3Cl)O,9.061981766834815
Cc1cc(nc(n1)NC(C)C)Nc2cc(ccn2)NC(=O)c3ccc(cc3Cl)N,8.95370682663599
CCc1cc(nc(n1)NC2CC2)Nc3cc(ccn3)NC(=O)c4cc(ccc4Cl)O,9.554650264956338
c1ccc(cc1)OC(=O)Nc2cc(ccn2)NC(=O)c3ccc(cc3Cl)O,8.925148873153129
c1cc(c(c(c1)Cl)C(=O)Nc2ccnc(c2)NC(=O)NC3CCC3)F,9.744043809219985
c1cc(ccc1C(=O)Nc2ccnc(c2)NC(=O)C3CC3CO)N,6.324097478020794
c1cc(c(cc1O)Cl)C(=O)Nc2cc(ncc2F)NC(=O)NC3CCC3,10.034529004769588
Cc1ccc(c(c1)Cl)C(=O)Nc2ccnc(c2)Nc3ccnc(n3)N(C)C,7.61866630185434
c1cnc(nc1)Nc2cc(c(cn2)F)NC(=O)c3ccc(cc3Cl)F,8.418288999374479
CC1CC1C(=O)Nc2cc(ccn2)NC(=O)c3ccc(cc3Cl)O,8.311240474355897
c1cc(c(c(c1)Cl)C(=O)Nc2ccnc(c2)Nc3cc([nH]n3)C(F)(F)F)N,7.556644734167634
Cc1ccc(cc1)C(=O)Nc2ccnc(c2)Nc3cc(nc(n3)N)C4CC4,6.332507182113907
Cc1cc(ncn1)Nc2cc(ccn2)NC(=O)c3ccc(cc3Cl)Cl,6.809582687229449
Cc1cc(nc(n1)N2CCC2)Nc3cc(ccn3)NC(=O)c4cccc(c4F)F,10.8253915938594
Cc1ccccc1C(=O)Nc2ccnc(c2)Nc3cc(nc(n3)NC4CC4)C,8.427574714310623
Cc1cccc(c1F)C(=O)Nc2ccnc(c2)Nc3ccccn3,6.551159488534839
COc1cc(cc(c1C(=O)Nc2ccnc(c2)NC(=O)C3CCC3)Cl)Cl,6.356685081381606
CC1CC1C(=O)Nc2cc(ccn2)NC(=O)c3c(cc(cc3Cl)C(=O)C)Cl,6.431496407376588
c1cc(c(nc1)Nc2cc(ccn2)NC(=O)c3ccc(cc3Cl)N)F,5.568450524820892
CC(=O)Nc1cc(c(c(c1)Cl)C(=O)Nc2cc(ncc2F)NC(=O)CF)Cl,6.689919606071199
CCOC(=O)Nc1cc(c(cn1)F)NC(=O)c2c(cc(cc2Cl)N)Cl,8.404973634560383
c1ccc(cc1)COCC(=O)Nc2cc(c(cn2)F)NC(=O)c3ccccc3Cl,10.640378103810916
COc1cccc(c1F)C(=O)Nc2ccnc(c2)Nc3ncccn3,6.402237645219301
c1cc(c(cc1F)F)C(=O)Nc2cc(ncc2F)NC(=O)C3CCCO3,6.980580003789409
Cc1c(cccc1F)C(=O)Nc2cc(ncc2F)NC(=O)C3CC3F,8.051415658312434
Cc1c(cccc1Cl)C(=O)Nc2ccnc(c2)NC(=O)OC(C)C,6.722156805094798
c1cc(c(c(c1)Br)C(=O)Nc2cc(ncc2F)Nc3ccc(cn3)C(=O)N)Cl,8.227493837761983
CC(c1cc(c(c(c1)Cl)C(=O)Nc2cc(ncc2F)NC(=O)C3CCOC3)Cl)O,5.35032382490578
Cc1cnc(nc1)Nc2cc(ccn2)NC(=O)c3ccccc3OC,4.489029964036148
Cc1cc(c(c(c1)Cl)C(=O)Nc2ccnc(c2)NC(=O)C(CO)CO)Cl,5.664636515385869
c1cc(c(cc1O)Cl)C(=O)Nc2ccnc(c2)NC(=O)C3CC3F,9.023787694078596
c1ccnc(c1)Nc2cc(ccn2)NC(=O)c3c(cccc3Cl)Cl,8.431954768525785
c1cc(c(cc1O)C(=O)Nc2cc(ncc2F)NC(=O)C3CC(C3)O)F,7.870431818141903
CCNC(=O)Nc1cc(c(cn1)F)NC(=O)c2c(cc(cc2Cl)C=O)Cl,7.677884634843342
c1cc(ccc1C(=O)Nc2cc(ncc2F)NC(=O)NC3CCC3)Cl,6.620714749471626
COC(=O)Nc1cc(c(cn1)F)NC(=O)c2c(cccc2Cl)N,5.626442442629648
CCOC(=O)c1ccc(nc1)Nc2cc(ccn2)NC(=O)c3ccc(cc3Cl)O,9.469326808844968
c1cc(cc(c1)Cl)C(=O)Nc2cc(ncc2F)Nc3cnccn3,6.414501797021756
c1cc(c(cc1Cl)C(=O)Nc2cc(ncc2F)NC(=O)C3CC(C3)O)Cl,9.575674525189122
CNC(=O)c1ccc(nc1)Nc2cc(c(cn2)F)NC(=O)c3cc(ccc3Cl)Cl,10.087790464025968
c1cc(c(c(c1)Cl)N)C(=O)Nc2ccnc(c2)NC(=O)C3CC3,5.372749702487414
c1cc(c(cc1O)C(=O)Nc2ccnc(c2)Nc3cc(ccn3)CO)Cl,8.779205466703901
CN(C)c1ccc(nc1)Nc2cc(ccn2)NC(=O)c3cccc(c3)N,6.3382888536779225
COc1ccc(c(c1)F)C(=O)Nc2cc(ncc2F)NC(=O)C3CC3(F)F,7.775297040588565
COc1cc(ccc1C(=O)Nc2cc(ncc2F)NC(=O)C3CC3C#N)Cl,9.596698785421903
c1ccc(c(c1)C(=O)Nc2ccnc(c2)NC(=O)C(F)F)F,8.183167689104534
CNC(=O)c1ccc(nc1)Nc2cc(ccn2)NC(=O)c3ccccc3,7.342547684130471
COc1ccc(c(c1)Cl)C(=O)Nc2ccnc(c2)Nc3ccncn3,7.0569681493018495
Cc1cc(ccc1C(=O)Nc2cc(ncc2F)NC(=O)C3CCC3)Cl,6.753167588938152
c1cc(cc(c1)Cl)C(=O)Nc2ccnc(c2)NC(=O)C(CO)CO,6.411873764492659
c1cc(c(cc1Cl)Cl)C(=O)Nc2ccnc(c2)NC(=O)CC3CC3,7.108127182534952
CNC(=O)Nc1cc(c(cn1)F)NC(=O)c2c(cc(cc2Cl)OC)Cl,8.560903564620181
Cc1ccnc(n1)Nc2cc(ccn2)NC(=O)c3c(cccc3F)F,8.009717542184083
Cc1ccc(c(c1)Cl)C(=O)Nc2ccnc(c2)Nc3nc(co3)C,6.29063386381695
Cc1cccc(c1C(=O)Nc2ccnc(c2)NC(=O)C3CC3C#N)OC,7.598167648127377
c1ccnc(c1)Nc2cc(ccn2)NC(=O)c3c(cccc3F)F,8.440714876956111
CCOC(=O)Nc1cc(c(cn1)F)NC(=O)c2cccc(c2OC)Cl,7.933855003177461
c1cc(c(cc1F)C(=O)Nc2ccnc(c2)Nc3c[nH]nc3)Cl,9.157116544388154
c1cc(c(cc1O)Cl)C(=O)Nc2ccnc(c2)NC(=O)C3CC3,8.773598997308492
Cc1ccc(cc1)C(=O)Nc2ccnc(c2)NC(=O)NC3CC3,5.277614924934075
c1cc(c(c(c1)F)N)C(=O)Nc2cc(ncc2F)NC(=O)NC3CC3,7.8327633518915025
c1cc(c(c(c1)F)C(=O)Nc2ccnc(c2)Nc3ccncn3)F,8.73295209419178
Cc1ccnc(c1)Nc2cc(c(cn2)F)NC(=O)c3cc(ccc3C)Cl,7.802102972385361
Cc1cccc(c1C(=O)Nc2ccnc(c2)Nc3ccnc(n3)CO)C,7.601496489330901
c1cc(c(cc1F)F)C(=O)Nc2ccnc(c2)NC(=O)C3CC3Cl,7.246887300071314
Cc1ccc(cc1C(=O)Nc2ccnc(c2)NC(=O)COC)Cl,7.060296990505374
COc1cccc(n1)Nc2cc(ccn2)NC(=O)c3ccccc3F,6.855660857572962
Cc1c(cccc1OC)C(=O)Nc2cc(ncc2F)NC(=O)C3CCCCC3,5.694946490554796
c1ccc(cc1)CC(=O)Nc2cc(ccn2)NC(=O)c3ccccc3,5.886092056504505
CC(C)c1cc(nc(n1)NC)Nc2cc(c(cn2)F)NC(=O)c3c(cccc3Cl)F,10.97115979814002
Cc1cc(nc(n1)N(C)C)Nc2cc(ccn2)NC(=O)c3cccc(c3Cl)O,8.687399530354087
CC1(CC1C(=O)Nc2cc(c(cn2)F)NC(=O)c3ccc(cc3F)OC)C,7.436280844334957
CC(C)OC(=O)Nc1cc(ccn1)NC(=O)c2cc(ccc2Cl)Cl,8.390957461071862
Cc1c(cccc1N)C(=O)Nc2cc(ncc2F)NC(=O)C3CC(C3)O,6.858639294439274
Cc1ccc(c(c1)OC)C(=O)Nc2cc(ncc2F)NC(=O)C3CC(=O)C3,5.663234898037016
COc1cc(ccc1C(=O)Nc2cc(ncc2F)NC(=O)C3COC3)Cl,8.464016765380778
c1cc(c(cc1O)C(=O)Nc2cc(ncc2F)NC(=O)C3CC3(F)F)F,7.147722872640025
c1cc(c(cc1F)C(=O)Nc2ccnc(c2)Nc3cc(ccn3)CO)F,7.692776819174896
c1cc(c(cc1Cl)F)C(=O)Nc2cc(ncc2F)NC(=O)C3CC3Cl,8.606105724120662
Cc1cnc(cn1)Nc2cc(c(cn2)F)NC(=O)c3c(cc(cc3Cl)C=O)Cl,5.364515200562908
C=Cc1cc(c(c(c1)Cl)C(=O)Nc2ccnc(c2)NC(=O)C3CCCO3)Cl,6.491941155545837
Cc1ccc(cc1C(=O)Nc2ccnc(c2)NC(=O)C3CC3CNC(=O)C)F,4.988531346733325
CC1(CC1C(=O)Nc2cc(c(cn2)F)NC(=O)c3ccc(cc3F)N)C,8.399016760827761
CNC(=O)C1CC1C(=O)Nc2cc(c(cn2)F)NC(=O)c3cccc(c3F)OC,7.11828890831413
Cc1cc(nc(n1)C)Nc2cc(ccn2)NC(=O)c3cccc(c3Cl)F,8.677062602406302
CN(C)c1cccc(n1)Nc2cc(ccn2)NC(=O)c3c(cccc3F)F,9.332493915163276
c1cc(ccc1C(=O)Nc2cc(ncc2F)NC(=O)C3CC3C#N)F,7.940512685584508
c1ccc(c(c1)C(=O)Nc2ccnc(c2)Nc3cccc(=O)[nH]3)Cl,8.189124562837156
Cc1c(cccc1Cl)C(=O)Nc2cc(ncc2F)Nc3ccncn3,7.810863080815688
c1ccc(c(c1)C(=O)Nc2cc(ncc2F)NC(=O)C3CC3C#N)Cl,8.464892776223811
Cc1cnc(nc1)Nc2cc(ccn2)NC(=O)c3cccc(c3C)Cl,6.017668885127999
Cc1ccnc(n1)Nc2cc(c(cn2)F)NC(=O)c3c(cc(cc3Cl)CO)Cl,5.314582582510051
CC1(CC1C(=O)Nc2cc(ccn2)NC(=O)c3c(cccc3Cl)N)C,5.155849417752546
Cc1ccc(cc1)C(=O)Nc2cc(ncc2F)NC(=O)C3CC3(F)F,5.954245700092439
c1ccc(c(c1)C(=O)Nc2ccnc(c2)NC(=O)C(CO)CO)C(F)(F)F,7.45870672191659
Cc1cccc(c1C(=O)Nc2cc(ncc2F)NC(=O)C3CC3)OC,8.86067447510593
c1cnc(cc1NC(=O)c2c(cc(cc2F)F)F)NC(=O)C3CC(C3)O,8.152857713935607
Cc1cccc(c1C)C(=O)Nc2ccnc(c2)NC(=O)C3CC3C#N,7.21587651622796
CSCC(=O)Nc1cc(ccn1)NC(=O)c2cc(ccc2Cl)O,7.866226966095346
CCn1cc(cn1)Nc2cc(ccn2)NC(=O)c3ccc(cc3Cl)O,8.730849668168501
Cc1ccc(cc1C(=O)Nc2cc(ncc2F)NC(=O)C3CC3F)N,8.491873910189215
c1ccc(cc1)Nc2cc(c(cn2)F)NC(=O)c3cc(ccc3N)Cl,6.995997794626782
Cc1c(cccc1Cl)C(=O)Nc2ccnc(c2)Nc3ccncc3,8.643598988202458
c1cc(cc(c1)O)C(=O)Nc2ccnc(c2)NC(=O)NC3CC3,7.6114830129414734
COc1c(cccc1F)C(=O)Nc2ccnc(c2)NC(=O)C(F)F,7.121968153854867
c1ccc(c(c1)C(=O)Nc2ccnc(c2)Nc3cnccn3)C(F)(F)F,6.627197229710067
COc1cc(c(c(c1)Cl)C(=O)Nc2ccnc(c2)NC(=O)CSC(F)F)Cl,8.204717555843136
c1cc(c(cc1F)Cl)C(=O)Nc2ccnc(c2)NC(=O)NC3CCC3,8.5157014051197
c1cc(c(c(c1)Br)C(=O)Nc2ccnc(c2)NC(=O)C3CCCO3)F,7.647574659674414
CC(C)CC(=O)Nc1cc(ccn1)NC(=O)c2ccc(cc2F)F,5.600687723844491
COc1cccc(c1C(=O)Nc2cc(ncc2F)NC(=O)C3CC3CO)F,9.62858558010829
c1ccc(cc1)OC(=O)Nc2cc(c(cn2)F)NC(=O)c3ccc(cc3Cl)O,9.703572108271878
CC(=O)Nc1cc(c(cn1)F)NC(=O)c2cccc(c2N)Cl,6.935027439951715
c1cc(cc(c1)N)C(=O)Nc2ccnc(c2)NC(=O)C3CC3(F)F,6.962008573917117
CC(=O)Nc1cc(ccn1)NC(=O)c2ccc(cc2Cl)F,7.102871117476757
CCc1cc(nc(n1)N2CCC2)Nc3cc(ccn3)NC(=O)c4c(cccc4Cl)F,10.350768919104349
Cc1cccc(c1)Nc2cc(ccn2)NC(=O)c3ccccc3,7.210270046832551
c1cc(cc(c1)N)C(=O)Nc2ccnc(c2)NC(=O)C3CCCC3,6.040620369215451
c1cc(c(cc1N)F)C(=O)Nc2cc(ncc2F)NC(=O)C3CC(=O)C3,8.387278215531124
CCC(=O)Nc1cc(ccn1)NC(=O)c2c(ccc(c2Cl)F)F,8.415310562508166
Cc1ccc(cc1C(=O)Nc2ccnc(c2)NC(=O)C3CC3CO)O,7.371981648456365
CC(=O)Nc1cc(c(cn1)F)NC(=O)c2cc(ccc2N)Cl,5.256590664701294
Cc1ccc(c(c1)Cl)C(=O)Nc2ccnc(c2)NC(=O)NC(C)C,6.723208018106437
c1cnc(cc1NC(=O)c2c(cc(cc2Cl)CF)Cl)NC(=O)C3CC(=O)C3,6.063747055471512
CC(C)CC(=O)Nc1cc(ccn1)NC(=O)c2ccc(cc2F)Cl,6.297641950561211
Cc1ccc(c(c1)C)C(=O)Nc2cc(ncc2F)NC(=O)C3CC3CO,6.648046287774243
COc1cc(c(c(c1)Cl)C(=O)Nc2cc(ncc2F)NC(=O)C3CC3)Cl,8.005162285800314
Cc1ccnc(c1)Nc2cc(ccn2)NC(=O)c3c(cc(cc3Cl)N)Cl,7.252493769466721
CC(=O)N(C)c1ccc(nc1)Nc2cc(ccn2)NC(=O)c3ccc(cc3Cl)Cl,8.249043704500583
Cc1ccnc(c1)Nc2cc(c(cn2)F)NC(=O)c3c(cc(cc3Cl)C(C)O)Cl,5.332278001539309
Cc1cccc(c1F)C(=O)Nc2ccnc(c2)NC(=O)C3CCCCC3,5.9738683429763695
c1cc(ccc1C(=O)Nc2cc(ncc2F)NC(=O)C3CCCC3)O,6.572534153104833
c1c(cc(c(c1Cl)C(=O)Nc2cc(ncc2F)NC(=O)CC3CC3)Cl)C=O,6.340216077532594
CC(c1cc(c(c(c1)Cl)C(=O)Nc2cc(ncc2F)N)Cl)O,4.5612132575020325
Cc1ccnc(c1)Nc2cc(ccn2)NC(=O)c3cccc(c3C)O,6.397857591004137
c1cc(nc(c1)Nc2cc(ccn2)NC(=O)c3ccc(cc3)F)C(=O)N,6.836388619026246
c1cc(c(cc1F)C(=O)Nc2ccnc(c2)NC(=O)C3CC(C3)O)F,7.798423726844624
c1cc(c(cc1N)C(=O)Nc2ccnc(c2)NC(=O)C3CCC3)Cl,7.357439868462024
Cc1cccc(n1)Nc2cc(ccn2)NC(=O)c3cccc(c3Cl)O,6.4102969449752
CC(=O)Nc1cc(c(cn1)F)NC(=O)c2ccc(cc2)Cl,5.7676553905265004
Cc1cccc(c1C(=O)Nc2ccnc(c2)NC(=O)Nc3ccccn3)C,6.49877404012149
Cc1cc(nc(n1)N2CCC2)Nc3cc(ccn3)NC(=O)c4ccccc4,8.454906252613238
CC1CC1C(=O)Nc2cc(ccn2)NC(=O)c3ccc(cc3F)N,7.498828018527483
CC(=O)N(C)c1ccc(nc1)Nc2cc(c(cn2)F)NC(=O)c3ccccc3Cl,10.00421902960066
Cc1c(cccc1O)C(=O)Nc2ccnc(c2)NC(=O)C3CCOC3,6.759650069176593
c1cc(c(cc1O)C(=O)Nc2ccnc(c2)NC(=O)C(F)F)Cl,7.8723590419965745
COc1ccccc1C(=O)Nc2cc(ncc2F)NC(=O)C3CC3CO,9.688855126108932
c1cc(c(cc1Cl)C(=O)Nc2ccnc(c2)NC(=O)CO)F,7.907749880055091
Cc1ccc(c(c1)C(=O)Nc2ccnc(c2)Nc3cc(ccn3)C(=O)OC)Cl,6.704286183896934
Cc1cc(ccc1C(=O)Nc2ccnc(c2)NC(=O)C3CCCO3)F,5.997695837906855
Cc1cc(c(c(c1)Cl)C(=O)Nc2cc(ncc2F)NC(=O)C3CC(=O)C3)Cl,6.442534143998799
CN(C)c1cccc(n1)Nc2cc(c(cn2)F)NC(=O)c3c(cccc3Cl)F,9.470027617519392
c1ccc(cc1)C(=O)Nc2ccnc(c2)NC(=O)C3CC(=O)C3,6.796092120246748
c1cc(c(c(c1)O)F)C(=O)Nc2ccnc(c2)NC(=O)C(F)F,6.757022036647495
c1ccc(c(c1)C(=O)Nc2cc(ncc2F)Nc3cc(nc(n3)N)C4CC4)Cl,11.112022341699658
c1ccc(c(c1)C(=O)Nc2cc(ncc2F)NC(=O)C3CC3(F)F)F,7.681563880384079
COc1ccc(cc1C(=O)Nc2ccnc(c2)Nc3ccccc3)F,6.545377816970823
CC(c1cc(c(c(c1)Cl)C(=O)Nc2ccnc(c2)Nc3ccncc3)Cl)O,7.476752545283062
c1cc(c(cc1Cl)C(=O)Nc2cc(ncc2F)NC(=O)C3CC(C3)O)N,5.190714649305243
COc1ccnc(c1)Nc2cc(ccn2)NC(=O)c3c(cccc3Cl)F,8.058423745056695
COc1ccc(c(c1)C(=O)Nc2cc(ncc2F)NC(=O)C3CCOC3)Cl,8.500283614282326
c1cnccc1Nc2cc(c(cn2)F)NC(=O)c3c(cc(cc3Cl)C=O)Cl,6.817291582648137
c1ccc2c(c1)ccc(n2)Nc3cc(ccn3)NC(=O)c4ccc(cc4)O,6.399084006184384
CC1CC1C(=O)Nc2cc(ccn2)NC(=O)c3cccc(c3)Cl,6.607574586826137
c1cc(ccc1C(=O)Nc2cc(ncc2F)NC(=O)C3CCCO3)F,6.253491004072369
c1cc(c(c(c1)F)Cl)C(=O)Nc2ccnc(c2)Nc3ccc(cn3)C#N,8.999084188305078
CC1(CC1C(=O)Nc2cc(c(cn2)F)NC(=O)c3ccccc3C(F)(F)F)C,6.883868406718612
Cc1cccc(c1C(=O)Nc2ccnc(c2)NC(=O)C3CCOC3)F,7.198706703704522
Cc1nccc(n1)Nc2cc(c(cn2)F)NC(=O)c3cccc(c3N)Cl,5.942682356964409
Cc1cccc(c1C(=O)Nc2ccnc(c2)Nc3ccc(cn3)C(=O)N)F,7.817345561054129
Cc1ccc(c(c1)Cl)C(=O)Nc2ccnc(c2)Nc3cncc(n3)CO,6.120687760268631
c1cc(c(c(c1)Cl)C(=O)Nc2cc(ncc2F)NC(=O)C3CCC3)F,8.430553151176934
c1ccc(cc1)C(=O)Nc2cc(ncc2F)NC(=O)C3CC3F,7.279299701263519
CC(=O)Nc1cc(ccn1)NC(=O)c2c(cccc2F)OC,7.247062502239919
Cc1cccc(n1)Nc2cc(c(cn2)F)NC(=O)c3cc(ccc3Cl)N,9.122952121509885
Cc1cccc(c1C(=O)Nc2cc(ncc2F)NC(=O)C3CCCCC3)N,3.918571703053333
COc1cc(ccc1C(=O)Nc2ccnc(c2)Nc3c[nH]nc3)Cl,6.113329269187156
c1cc(c(cc1O)F)C(=O)Nc2ccnc(c2)NCC3CC3,5.7666041775148615
CC(Cn1cc(cn1)Nc2cc(ccn2)NC(=O)c3c(cc(cc3Cl)CO)Cl)O,7.707143397000631
c1cc(c(c(c1)Cl)Cl)C(=O)Nc2ccnc(c2)NC(=O)CF,7.515822628882314
COC(=O)Nc1cc(c(cn1)F)NC(=O)c2c(cc(cc2Cl)N)Cl,8.455256656950452
Cc1ccc(cc1C(=O)Nc2ccnc(c2)NC(=O)C3CC(C3)O)F,7.633908890523106
Cc1cccc(c1F)C(=O)Nc2cc(ncc2F)NC(=O)C3CC3C(=O)NC,7.361469518339974
c1cc(c(cc1Cl)C(=O)Nc2cc(ncc2F)NC(=O)C3CCC3)Cl,8.827035658733479
c1cc(c(cc1F)C(=O)Nc2ccnc(c2)NC(=O)C3CCC3)F,7.885499204642063
c1cc(c(c(c1)Cl)C(=O)Nc2ccnc(c2)Nc3ccc(cn3)CO)N,5.486105505575829
c1cc(c(c(c1)Cl)F)C(=O)Nc2cc(ncc2F)Nc3cc(nc(n3)N)C4CC4,8.478383343206513
COc1cccc(c1C(=O)Nc2cc(ncc2F)NC(=O)C3CCC3)F,9.460216296077428
c1cc(c(c(c1)Cl)N)C(=O)Nc2cc(ncc2F)NC(=O)C3CC3(F)F,6.64314062705326
c1cc(c(cc1N)C(=O)Nc2ccnc(c2)NC(=O)C3CC3)F,7.305054420048677
Cc1ccc(cc1C(=O)Nc2cc(ncc2F)NC(=O)C3CCC3)Cl,7.748315906623162
CN(C)c1cccc(n1)Nc2cc(c(cn2)F)NC(=O)c3c(cc(cc3Cl)CO)Cl,6.754218801949791
CC(=O)NCC1CC1C(=O)Nc2cc(c(cn2)F)NC(=O)c3cc(ccc3Cl)F,8.354165005664493
CN(C)C(=O)c1cncc(n1)Nc2cc(ccn2)NC(=O)c3ccccc3Cl,8.147251244540197
Cc1cc(nc(c1)Nc2cc(ccn2)NC(=O)c3c(cc(cc3Cl)CO)Cl)C,6.229838711310489
c1cc(c(cc1Cl)N)C(=O)Nc2cc(ncc2F)NC(=O)C3CCCC3,5.609623034443423
COC(=O)Nc1cc(c(cn1)F)NC(=O)c2c(cc(cc2Cl)C=C)Cl,7.761105664931438
CC1(CC1C(=O)Nc2cc(c(cn2)F)NC(=O)c3cccc(c3F)N)C,5.95617292394711
c1ccc(cc1)CNC(=O)Nc2cc(ccn2)NC(=O)c3ccc(cc3)Cl,6.082318485343803
Cc1cccc(c1C(=O)Nc2ccnc(c2)Nc3nc(cc(n3)C)C)Cl,6.1471432877282135
Cc1cc(nc(n1)NC)Nc2cc(ccn2)NC(=O)c3cc(ccc3Cl)F,8.187547743319696
Cc1ccc(c(c1)Cl)C(=O)Nc2ccnc(c2)Nc3cccc(n3)N(C)C,6.262776719008513
Cc1cc(ccc1C(=O)Nc2cc(ncc2F)NC(=O)C3CC3C#N)OC,7.457129902399132
COc1cc(cc(c1C(=O)Nc2ccnc(c2)NC(=O)C3CC3CO)Cl)Cl,5.715620346450365
CC1CC1C(=O)Nc2cc(c(cn2)F)NC(=O)c3cccc(c3)OC,6.4882619100051
Cc1cc(nc(n1)NCCO)Nc2cc(ccn2)NC(=O)c3ccc(cc3)Cl,6.340216077532594
Cc1c(ccc(n1)Nc2cc(ccn2)NC(=O)c3cc(ccc3Cl)O)C#N,9.158693363905613
c1cc(c(c(c1)Cl)F)C(=O)Nc2cc(ncc2F)Nc3c(cccn3)F,6.20566081204279
c1cc(c(cc1Cl)F)C(=O)Nc2cc(ncc2F)NC(=O)C3CC3,8.248868502331977
COCCCNC(=O)Nc1cc(ccn1)NC(=O)c2c(cc(cc2Cl)CO)Cl,8.262359069314678
CC(C)C(=O)Nc1cc(ccn1)NC(=O)c2c(cc(cc2Cl)N)Cl,6.829205330113379
Cc1ccc(c(c1)N)C(=O)Nc2cc(ncc2F)NC(=O)C3CCCCC3,5.429515205115925
COc1cc(cc(c1C(=O)Nc2ccnc(c2)Nc3ccncc3)Cl)Cl,6.234218765525652
Cc1cc(c(c(c1)Cl)C(=O)Nc2ccnc(c2)Nc3cc(nc(n3)NCCO)C)Cl,9.301483131319925
CCNC(=O)Nc1cc(c(cn1)F)NC(=O)c2cc(ccc2Cl)N,10.647561392723784
CNC(=O)Nc1cc(ccn1)NC(=O)c2ccc(cc2F)Cl,7.623922366912535
c1cc(c(cc1N)C(=O)Nc2cc(ncc2F)NC(=O)C3CCCC3)F,7.62111913221483
c1cc(c(c(c1)F)C(=O)Nc2ccnc(c2)NC(=O)C3CC(=O)C3)F,9.148006031620616
Cc1c(cccc1F)C(=O)Nc2ccnc(c2)Nc3ccc(cn3)C(=O)N(C)C,6.8780867351545965
c1ccc(c(c1)C(=O)Nc2ccnc(c2)Nc3cccc(n3)N)F,6.718477559554062
c1cc(c(c(c1)Cl)C(=O)Nc2cc(ncc2F)NC(=O)C3CC3(F)F)N,8.33121352157704
Cc1cc(nc(n1)Cl)Nc2cc(ccn2)NC(=O)c3cccc(c3F)N,7.925094894747136
Cc1ccnc(c1)Nc2cc(ccn2)NC(=O)c3ccc(cc3C)O,5.393598760551589
